id,name,due_at,created_at,updated_at,html_url,allowed_attempts,allowed_extensions,annotatable_attachment_id,anonymize_students,anonymous_grading,anonymous_instructor_annotations,anonymous_peer_reviews,anonymous_submissions,assignment_group_id,automatic_peer_reviews,can_duplicate,course_id,description,due_date_required,external_tool_tag_attributes,final_grader_id,grade_group_students_individually,graded_submissions_exist,grader_comments_visible_to_graders,grader_count,grader_names_visible_to_final_grader,graders_anonymous_to_graders,grading_standard_id,grading_type,group_category_id,has_submitted_submissions,hide_in_gradebook,important_dates,in_closed_grading_period,intra_group_peer_reviews,is_quiz_assignment,lock_at,lock_explanation,lock_info,locked_for_user,lti_context_id,max_name_length,moderated_grading,muted,omit_from_final_grade,only_visible_to_overrides,original_assignment_id,original_assignment_name,original_course_id,original_lti_resource_link_id,original_quiz_id,peer_reviews,points_possible,position,post_manually,post_to_sis,published,quiz_id,require_lockdown_browser,restrict_quantitative_data,secure_params,submission_types,submissions_download_url,suppress_assignment,unlock_at,url,visible_to_everyone,workflow_state
10500000017337189,HW6,2025-12-04T04:59:59Z,2025-07-28T16:19:43Z,2025-07-28T23:26:32Z,https://canvas.instructure.com/courses/10500000002412508/assignments/1050~17337189,-1,,,False,False,False,False,,10500000004242242,False,False,10500000002412508,<p>See Files&gt;homeworks&gt;HW6.</p>,False,"{""url"": ""https://www.gradescope.com/auth/lti/1_3/callback?gradescope_resource_id=assignment-3478934"", ""new_tab"": false, ""external_data"": """", ""resource_link_id"": ""c4246116cdfd366fa82da196dbde5348ff8ad4d4"", ""resource_link_title"": null, ""content_type"": ""ContextExternalTool"", ""content_id"": 244302, ""custom_params"": {""custom_gradescope_resource_id"": ""assignment-3478934""}}",,False,False,True,0,True,False,,points,,False,False,False,False,False,False,2025-12-21T04:59:59Z,,,False,601fd2ca-d12f-4550-a66a-7a30e0b74234,255,False,True,False,False,,,,,,False,15.0,1,True,False,True,,False,False,eyJ0eXAiOiJKV1QiLCJhbGciOiJIUzI1NiJ9.eyJsdGlfYXNzaWdubWVudF9pZCI6IjYwMWZkMmNhLWQxMmYtNDU1MC1hNjZhLTdhMzBlMGI3NDIzNCIsImx0aV9hc3NpZ25tZW50X2Rlc2NyaXB0aW9uIjoiXHUwMDNjcFx1MDAzZVNlZSBGaWxlc1x1MDAyNmd0O2hvbWV3b3Jrc1x1MDAyNmd0O0hXNi5cdTAwM2MvcFx1MDAzZSJ9.mxDlqdSZKnFSeVyRUyoRzt6tfGFfGB1mRG00enphR4A,"[""external_tool""]",https://canvas.instructure.com/courses/1050~2412508/assignments/1050~17337189/submissions?zip=1,False,2025-08-25T04:00:00Z,https://canvas.instructure.com/api/v1/courses/1050~2412508/external_tools/sessionless_launch?assignment_id=10500000017337189&launch_type=assessment,True,published
10500000017337188,HW5,2025-11-13T04:59:59Z,2025-07-28T16:19:43Z,2025-07-28T23:23:56Z,https://canvas.instructure.com/courses/10500000002412508/assignments/1050~17337188,-1,,,False,False,False,False,,10500000004242242,False,False,10500000002412508,<p>See Files&gt;homeworks&gt;HW5.</p>,False,"{""url"": ""https://www.gradescope.com/auth/lti/1_3/callback?gradescope_resource_id=assignment-3478915"", ""new_tab"": false, ""external_data"": """", ""resource_link_id"": ""6c507b76d33981c58f012f7acea83eaab0131216"", ""resource_link_title"": null, ""content_type"": ""ContextExternalTool"", ""content_id"": 244302, ""custom_params"": {""custom_gradescope_resource_id"": ""assignment-3478915""}}",,False,False,True,0,True,False,,points,,False,False,False,False,False,False,2025-12-21T04:59:59Z,,,False,e93b783f-8a07-49e3-a6b3-5f0fb6d65283,255,False,True,False,False,,,,,,False,15.0,2,True,False,True,,False,False,eyJ0eXAiOiJKV1QiLCJhbGciOiJIUzI1NiJ9.eyJsdGlfYXNzaWdubWVudF9pZCI6ImU5M2I3ODNmLThhMDctNDllMy1hNmIzLTVmMGZiNmQ2NTI4MyIsImx0aV9hc3NpZ25tZW50X2Rlc2NyaXB0aW9uIjoiXHUwMDNjcFx1MDAzZVNlZSBGaWxlc1x1MDAyNmd0O2hvbWV3b3Jrc1x1MDAyNmd0O0hXNS5cdTAwM2MvcFx1MDAzZSJ9.BrPnCLatZIja6vXTDCjWSVEqqqHEDGUBi75qNvx7Wdw,"[""external_tool""]",https://canvas.instructure.com/courses/1050~2412508/assignments/1050~17337188/submissions?zip=1,False,2025-08-25T04:00:00Z,https://canvas.instructure.com/api/v1/courses/1050~2412508/external_tools/sessionless_launch?assignment_id=10500000017337188&launch_type=assessment,True,published
10500000017337187,HW4,2025-10-30T03:59:59Z,2025-07-28T16:19:42Z,2025-07-28T23:20:25Z,https://canvas.instructure.com/courses/10500000002412508/assignments/1050~17337187,-1,,,False,False,False,False,,10500000004242242,False,False,10500000002412508,<p>See Files&gt;homeworks&gt;HW4.</p>,False,"{""url"": ""https://www.gradescope.com/auth/lti/1_3/callback?gradescope_resource_id=assignment-3478882"", ""new_tab"": false, ""external_data"": """", ""resource_link_id"": ""b030fd981eaf1e1ca4358724d4f23b27940e8655"", ""resource_link_title"": null, ""content_type"": ""ContextExternalTool"", ""content_id"": 244302, ""custom_params"": {""custom_gradescope_resource_id"": ""assignment-3478882""}}",,False,False,True,0,True,False,,points,,False,False,False,False,False,False,2025-12-21T04:59:59Z,,,False,a0563713-661a-481c-b096-030ec63594ce,255,False,True,False,False,,,,,,False,15.0,3,True,False,True,,False,False,eyJ0eXAiOiJKV1QiLCJhbGciOiJIUzI1NiJ9.eyJsdGlfYXNzaWdubWVudF9pZCI6ImEwNTYzNzEzLTY2MWEtNDgxYy1iMDk2LTAzMGVjNjM1OTRjZSIsImx0aV9hc3NpZ25tZW50X2Rlc2NyaXB0aW9uIjoiXHUwMDNjcFx1MDAzZVNlZSBGaWxlc1x1MDAyNmd0O2hvbWV3b3Jrc1x1MDAyNmd0O0hXNC5cdTAwM2MvcFx1MDAzZSJ9.8_f6gdK8aDwJ56JpUpCPFhDPDIgjkAH0yUv8yrM3QCM,"[""external_tool""]",https://canvas.instructure.com/courses/1050~2412508/assignments/1050~17337187/submissions?zip=1,False,2025-08-25T04:00:00Z,https://canvas.instructure.com/api/v1/courses/1050~2412508/external_tools/sessionless_launch?assignment_id=10500000017337187&launch_type=assessment,True,published
10500000017337186,HW3,2025-10-11T03:59:59Z,2025-07-28T16:19:41Z,2025-07-28T23:17:02Z,https://canvas.instructure.com/courses/10500000002412508/assignments/1050~17337186,-1,,,False,False,False,False,,10500000004242242,False,False,10500000002412508,<p>See Files&gt;homeworks&gt;HW3.</p>,False,"{""url"": ""https://www.gradescope.com/auth/lti/1_3/callback?gradescope_resource_id=assignment-3400922"", ""new_tab"": false, ""external_data"": """", ""resource_link_id"": ""9911df822d6077be90ffdeb126b958cc718480d2"", ""resource_link_title"": null, ""content_type"": ""ContextExternalTool"", ""content_id"": 244302, ""custom_params"": {""custom_gradescope_resource_id"": ""assignment-3400922""}}",,False,False,True,0,True,False,,points,,False,False,False,False,False,False,2025-12-21T04:59:59Z,,,False,431661c6-aa09-47c5-a913-679e7ace0dad,255,False,True,False,False,,,,,,False,15.0,4,True,False,True,,False,False,eyJ0eXAiOiJKV1QiLCJhbGciOiJIUzI1NiJ9.eyJsdGlfYXNzaWdubWVudF9pZCI6IjQzMTY2MWM2LWFhMDktNDdjNS1hOTEzLTY3OWU3YWNlMGRhZCIsImx0aV9hc3NpZ25tZW50X2Rlc2NyaXB0aW9uIjoiXHUwMDNjcFx1MDAzZVNlZSBGaWxlc1x1MDAyNmd0O2hvbWV3b3Jrc1x1MDAyNmd0O0hXMy5cdTAwM2MvcFx1MDAzZSJ9.pgJjm8xrt8nvUPd3_tlqIMQhJZjIaxLTgadTjpsb51c,"[""external_tool""]",https://canvas.instructure.com/courses/1050~2412508/assignments/1050~17337186/submissions?zip=1,False,2025-08-25T04:00:00Z,https://canvas.instructure.com/api/v1/courses/1050~2412508/external_tools/sessionless_launch?assignment_id=10500000017337186&launch_type=assessment,True,published
10500000017337185,HW2,2025-09-25T03:59:59Z,2025-07-28T16:19:40Z,2025-07-28T23:12:10Z,https://canvas.instructure.com/courses/10500000002412508/assignments/1050~17337185,-1,,,False,False,False,False,,10500000004242242,False,False,10500000002412508,<p>See Files&gt;homeworks&gt;HW2.</p>,False,"{""url"": ""https://www.gradescope.com/auth/lti/1_3/callback?gradescope_resource_id=assignment-3305551"", ""new_tab"": false, ""external_data"": """", ""resource_link_id"": ""4ce61462023d43982d5948c08cb4c0d820f4fd5d"", ""resource_link_title"": null, ""content_type"": ""ContextExternalTool"", ""content_id"": 244302, ""custom_params"": {""custom_gradescope_resource_id"": ""assignment-3305551""}}",,False,True,True,0,True,False,,points,,False,False,False,False,False,False,2025-12-21T04:59:59Z,,,False,5ce0a4a8-0707-4074-9e9d-225c40267187,255,False,True,False,False,,,,,,False,15.0,5,True,False,True,,False,False,eyJ0eXAiOiJKV1QiLCJhbGciOiJIUzI1NiJ9.eyJsdGlfYXNzaWdubWVudF9pZCI6IjVjZTBhNGE4LTA3MDctNDA3NC05ZTlkLTIyNWM0MDI2NzE4NyIsImx0aV9hc3NpZ25tZW50X2Rlc2NyaXB0aW9uIjoiXHUwMDNjcFx1MDAzZVNlZSBGaWxlc1x1MDAyNmd0O2hvbWV3b3Jrc1x1MDAyNmd0O0hXMi5cdTAwM2MvcFx1MDAzZSJ9.ja2oLTyYjWlg_XN6pEuuiDa9H6u4FgWI0Xnvy7dwJsM,"[""external_tool""]",https://canvas.instructure.com/courses/1050~2412508/assignments/1050~17337185/submissions?zip=1,False,2025-08-25T04:00:00Z,https://canvas.instructure.com/api/v1/courses/1050~2412508/external_tools/sessionless_launch?assignment_id=10500000017337185&launch_type=assessment,True,published
10500000017337184,HW1,2025-09-11T03:59:59Z,2025-07-28T16:19:40Z,2025-07-29T01:03:31Z,https://canvas.instructure.com/courses/10500000002412508/assignments/1050~17337184,-1,"[""pdf"", ""doc"", ""docx""]",,False,False,False,False,,10500000004242242,False,False,10500000002412508,<p>See Files&gt;homeworks&gt;HW1.</p>,False,"{""url"": ""https://www.gradescope.com/auth/lti/1_3/callback?gradescope_resource_id=assignment-6440424"", ""new_tab"": false, ""external_data"": """", ""resource_link_id"": ""06e6ba63389d4c110d2e61a4d520a0ec03c10f69"", ""resource_link_title"": null, ""content_type"": ""ContextExternalTool"", ""content_id"": 244302, ""custom_params"": {""custom_gradescope_resource_id"": ""assignment-6440424""}}",,False,True,True,0,True,False,,points,,False,False,False,False,False,False,2025-12-20T04:59:59Z,,,False,fe57fedc-0ebb-4b73-8813-acd7295a82e8,255,False,True,False,False,,,,,,False,15.0,6,True,False,True,,False,False,eyJ0eXAiOiJKV1QiLCJhbGciOiJIUzI1NiJ9.eyJsdGlfYXNzaWdubWVudF9pZCI6ImZlNTdmZWRjLTBlYmItNGI3My04ODEzLWFjZDcyOTVhODJlOCIsImx0aV9hc3NpZ25tZW50X2Rlc2NyaXB0aW9uIjoiXHUwMDNjcFx1MDAzZVNlZSBGaWxlc1x1MDAyNmd0O2hvbWV3b3Jrc1x1MDAyNmd0O0hXMS5cdTAwM2MvcFx1MDAzZSJ9.ZOPltTW02SRVX2hDB5H1VhdNRly4ogW4nTfdN-3bpBI,"[""external_tool""]",https://canvas.instructure.com/courses/1050~2412508/assignments/1050~17337184/submissions?zip=1,False,2025-08-25T04:00:00Z,https://canvas.instructure.com/api/v1/courses/1050~2412508/external_tools/sessionless_launch?assignment_id=10500000017337184&launch_type=assessment,True,published
10500000017337191,Midterm Exam,,2025-07-28T16:19:45Z,2025-07-28T23:34:04Z,https://canvas.instructure.com/courses/10500000002412508/assignments/1050~17337191,-1,,,False,False,False,False,,10500000004242243,False,False,10500000002412508,,False,"{""url"": ""https://www.gradescope.com/auth/lti/1_3/callback?gradescope_assignment_id=1570737"", ""new_tab"": false, ""external_data"": """", ""resource_link_id"": ""6ae45d54df000417b3a94aabda7e374c32258029"", ""resource_link_title"": null, ""content_type"": ""ContextExternalTool"", ""content_id"": 244302, ""custom_params"": {""custom_gradescope_assignment_id"": ""1570737""}}",,False,False,True,0,True,False,,points,,False,False,False,False,False,False,,,,False,bdb55d02-d950-4ad9-b1cc-7a3b7e87864c,255,False,True,False,False,,,,,,False,30.0,2,True,False,True,,False,False,eyJ0eXAiOiJKV1QiLCJhbGciOiJIUzI1NiJ9.eyJsdGlfYXNzaWdubWVudF9pZCI6ImJkYjU1ZDAyLWQ5NTAtNGFkOS1iMWNjLTdhM2I3ZTg3ODY0YyJ9.nVGJ-blJN2oSXLXAZpLFIgtK12_bqYDAFUiiKNydVTs,"[""external_tool""]",https://canvas.instructure.com/courses/1050~2412508/assignments/1050~17337191/submissions?zip=1,False,,https://canvas.instructure.com/api/v1/courses/1050~2412508/external_tools/sessionless_launch?assignment_id=10500000017337191&launch_type=assessment,True,published
10500000017337183,Final Exam,,2025-07-28T16:19:39Z,2025-07-28T23:36:16Z,https://canvas.instructure.com/courses/10500000002412508/assignments/1050~17337183,-1,,,False,False,False,False,,10500000004242243,False,False,10500000002412508,,False,"{""url"": ""https://www.gradescope.com/auth/lti/1_3/callback?gradescope_assignment_id=1720830"", ""new_tab"": false, ""external_data"": """", ""resource_link_id"": ""bd5ebf94d7f2fed113c28915e45a9929f811adf7"", ""resource_link_title"": null, ""content_type"": ""ContextExternalTool"", ""content_id"": 244302, ""custom_params"": {""custom_gradescope_assignment_id"": ""1720830""}}",,False,False,True,0,True,False,,points,,False,False,False,False,False,False,,,,False,52a987d3-1e67-49cc-9c04-0b7f1f9d66f1,255,False,True,False,False,,,,,,False,40.0,5,True,False,True,,False,False,eyJ0eXAiOiJKV1QiLCJhbGciOiJIUzI1NiJ9.eyJsdGlfYXNzaWdubWVudF9pZCI6IjUyYTk4N2QzLTFlNjctNDljYy05YzA0LTBiN2YxZjlkNjZmMSJ9.70eFRG2cLrqrTTAQtpxuwaHGDVHVX07qINRFQ9uKSnA,"[""external_tool""]",https://canvas.instructure.com/courses/1050~2412508/assignments/1050~17337183/submissions?zip=1,False,,https://canvas.instructure.com/api/v1/courses/1050~2412508/external_tools/sessionless_launch?assignment_id=10500000017337183&launch_type=assessment,True,published
10500000017337170,Quiz12,2025-12-13T04:59:00Z,2025-07-28T16:19:25Z,2025-07-29T00:05:57Z,https://canvas.instructure.com/courses/10500000002412508/assignments/1050~17337170,-1,,,False,False,False,False,False,10500000004242244,False,False,10500000002412508,,False,,,False,False,True,0,True,False,,points,,False,False,False,False,False,True,2025-12-21T04:59:59Z,This assignment is locked until Dec 12 at 12am.,"{""unlock_at"": ""2025-12-12T05:00:00Z"", ""asset_string"": ""assignment_10500000017337170""}",True,ebc385fd-647d-4a0c-a559-c336b9d67b5d,255,False,True,False,False,,,,,,False,1.5,1,False,False,True,10500000005362697,False,False,eyJ0eXAiOiJKV1QiLCJhbGciOiJIUzI1NiJ9.eyJsdGlfYXNzaWdubWVudF9pZCI6ImViYzM4NWZkLTY0N2QtNGEwYy1hNTU5LWMzMzZiOWQ2N2I1ZCJ9.X-LfDZmFueY-51hNChGU6h57ZOreiBy9-afx5NRg7-A,"[""online_quiz""]",https://canvas.instructure.com/courses/1050~2412508/quizzes/1050~5362697/submissions?zip=1,False,2025-12-12T05:00:00Z,,True,published
10500000017337165,Quiz11,2025-12-06T04:59:00Z,2025-07-28T16:19:19Z,2025-07-29T00:04:36Z,https://canvas.instructure.com/courses/10500000002412508/assignments/1050~17337165,-1,,,False,False,False,False,False,10500000004242244,False,False,10500000002412508,,False,,,False,False,True,0,True,False,,points,,False,False,False,False,False,True,2025-12-21T04:59:59Z,This assignment is locked until Dec 5 at 12am.,"{""unlock_at"": ""2025-12-05T05:00:00Z"", ""asset_string"": ""assignment_10500000017337165""}",True,3066e699-4016-4b15-9a5b-716103fa7cce,255,False,True,False,False,,,,,,False,1.5,2,False,False,True,10500000005362692,False,False,eyJ0eXAiOiJKV1QiLCJhbGciOiJIUzI1NiJ9.eyJsdGlfYXNzaWdubWVudF9pZCI6IjMwNjZlNjk5LTQwMTYtNGIxNS05YTViLTcxNjEwM2ZhN2NjZSJ9.vqwZTfU8NQqbOXfDKLtXOehXuAsKdZ4gk9x873CTHNo,"[""online_quiz""]",https://canvas.instructure.com/courses/1050~2412508/quizzes/1050~5362692/submissions?zip=1,False,2025-12-05T05:00:00Z,,True,published
10500000017337179,Quiz10,2025-11-20T04:59:00Z,2025-07-28T16:19:35Z,2025-07-29T00:11:13Z,https://canvas.instructure.com/courses/10500000002412508/assignments/1050~17337179,-1,,,False,False,False,False,False,10500000004242244,False,False,10500000002412508,,False,,,False,False,True,0,True,False,,points,,False,False,False,False,False,True,2025-12-21T04:59:59Z,This assignment is locked until Nov 19 at 12am.,"{""unlock_at"": ""2025-11-19T05:00:00Z"", ""asset_string"": ""assignment_10500000017337179""}",True,10eea9c5-069b-4cf4-9dd1-af7c7d5dc6df,255,False,True,False,False,,,,,,False,1.5,3,False,False,True,10500000005362706,False,False,eyJ0eXAiOiJKV1QiLCJhbGciOiJIUzI1NiJ9.eyJsdGlfYXNzaWdubWVudF9pZCI6IjEwZWVhOWM1LTA2OWItNGNmNC05ZGQxLWFmN2M3ZDVkYzZkZiJ9.VU7AX8iTEhw2s-QQkiYkZNf-szS6CBZoHqyHAA1tmnk,"[""online_quiz""]",https://canvas.instructure.com/courses/1050~2412508/quizzes/1050~5362706/submissions?zip=1,False,2025-11-19T05:00:00Z,,True,published
10500000017337163,Quiz9,2025-11-11T04:59:00Z,2025-07-28T16:19:17Z,2025-07-29T00:10:54Z,https://canvas.instructure.com/courses/10500000002412508/assignments/1050~17337163,-1,,,False,False,False,False,False,10500000004242244,False,False,10500000002412508,,False,,,False,False,True,0,True,False,,points,,False,False,False,False,False,True,2025-12-21T04:59:59Z,This assignment is locked until Nov 10 at 12am.,"{""unlock_at"": ""2025-11-10T05:00:00Z"", ""asset_string"": ""assignment_10500000017337163""}",True,742bdee2-43dd-4cfa-968e-d99cc9fe3998,255,False,True,False,False,,,,,,False,1.5,4,False,False,True,10500000005362690,False,False,eyJ0eXAiOiJKV1QiLCJhbGciOiJIUzI1NiJ9.eyJsdGlfYXNzaWdubWVudF9pZCI6Ijc0MmJkZWUyLTQzZGQtNGNmYS05NjhlLWQ5OWNjOWZlMzk5OCJ9.73rtRLWJm24qUgIQvssFlmZRCumaq3EJjYBBeVWXd20,"[""online_quiz""]",https://canvas.instructure.com/courses/1050~2412508/quizzes/1050~5362690/submissions?zip=1,False,2025-11-10T05:00:00Z,,True,published
10500000017337181,Quiz8,2025-10-28T03:59:00Z,2025-07-28T16:19:37Z,2025-07-29T00:10:36Z,https://canvas.instructure.com/courses/10500000002412508/assignments/1050~17337181,-1,,,False,False,False,False,False,10500000004242244,False,False,10500000002412508,,False,,,False,False,True,0,True,False,,points,,False,False,False,False,False,True,2025-12-21T04:59:59Z,This assignment is locked until Oct 27 at 12am.,"{""unlock_at"": ""2025-10-27T04:00:00Z"", ""asset_string"": ""assignment_10500000017337181""}",True,cde18cf3-43d6-4cab-ac40-e7d5021071d6,255,False,True,False,False,,,,,,False,1.5,7,False,False,True,10500000005362708,False,False,eyJ0eXAiOiJKV1QiLCJhbGciOiJIUzI1NiJ9.eyJsdGlfYXNzaWdubWVudF9pZCI6ImNkZTE4Y2YzLTQzZDYtNGNhYi1hYzQwLWU3ZDUwMjEwNzFkNiJ9.O3CXHY0AMiv3VvNwnUkhekc7K9kB1vq8FvpBCRFA1D8,"[""online_quiz""]",https://canvas.instructure.com/courses/1050~2412508/quizzes/1050~5362708/submissions?zip=1,False,2025-10-27T04:00:00Z,,True,published
10500000017337178,Quiz7,2025-10-23T03:59:59Z,2025-07-28T16:19:34Z,2025-10-22T04:00:06Z,https://canvas.instructure.com/courses/10500000002412508/assignments/1050~17337178,-1,,,False,False,False,False,False,10500000004242244,False,False,10500000002412508,,False,,,False,True,True,0,True,False,,points,,True,False,False,False,False,True,2025-12-21T04:59:59Z,,,False,16c8b220-808a-48c6-8e11-7908776c2b73,255,False,True,False,False,,,,,,False,1.5,8,False,False,True,10500000005362705,False,False,eyJ0eXAiOiJKV1QiLCJhbGciOiJIUzI1NiJ9.eyJsdGlfYXNzaWdubWVudF9pZCI6IjE2YzhiMjIwLTgwOGEtNDhjNi04ZTExLTc5MDg3NzZjMmI3MyJ9.T41jLzp39_7CQQb4QGx0cRNSDvdzhb-BwSc5Tp3EdU4,"[""online_quiz""]",https://canvas.instructure.com/courses/1050~2412508/quizzes/1050~5362705/submissions?zip=1,False,2025-10-22T04:00:00Z,,True,published
10500000017337172,Quiz6,2025-10-09T03:59:00Z,2025-07-28T16:19:27Z,2025-10-08T04:00:08Z,https://canvas.instructure.com/courses/10500000002412508/assignments/1050~17337172,-1,,,False,False,False,False,False,10500000004242244,False,False,10500000002412508,,False,,,False,True,True,0,True,False,,points,,True,False,False,False,False,True,2025-12-21T04:59:59Z,,,False,28700446-30f4-44e5-861b-b4b7606b9885,255,False,True,False,False,,,,,,False,1.5,9,False,False,True,10500000005362699,False,False,eyJ0eXAiOiJKV1QiLCJhbGciOiJIUzI1NiJ9.eyJsdGlfYXNzaWdubWVudF9pZCI6IjI4NzAwNDQ2LTMwZjQtNDRlNS04NjFiLWI0Yjc2MDZiOTg4NSJ9.tSf02evYHEPSo9zHYWddrSc3uitWz5jKjOazrFlr504,"[""online_quiz""]",https://canvas.instructure.com/courses/1050~2412508/quizzes/1050~5362699/submissions?zip=1,False,2025-10-08T04:00:00Z,,True,published
10500000017337166,Quiz5,2025-09-30T03:59:00Z,2025-07-28T16:19:20Z,2025-09-29T04:00:06Z,https://canvas.instructure.com/courses/10500000002412508/assignments/1050~17337166,-1,,,False,False,False,False,False,10500000004242244,False,False,10500000002412508,,False,,,False,True,True,0,True,False,,points,,True,False,False,False,False,True,2025-12-21T04:59:59Z,,,False,17cbcdf4-0d61-417e-807c-cd9fb7047f34,255,False,True,False,False,,,,,,False,1.5,10,False,False,True,10500000005362693,False,False,eyJ0eXAiOiJKV1QiLCJhbGciOiJIUzI1NiJ9.eyJsdGlfYXNzaWdubWVudF9pZCI6IjE3Y2JjZGY0LTBkNjEtNDE3ZS04MDdjLWNkOWZiNzA0N2YzNCJ9.A6e7g219DWWYiNyAye3VdvgMGeiapyrNGryddHsVyUQ,"[""online_quiz""]",https://canvas.instructure.com/courses/1050~2412508/quizzes/1050~5362693/submissions?zip=1,False,2025-09-29T04:00:00Z,,True,published
10500000017337169,Quiz4,2025-09-25T03:59:00Z,2025-07-28T16:19:24Z,2025-09-24T04:00:18Z,https://canvas.instructure.com/courses/10500000002412508/assignments/1050~17337169,-1,,,False,False,False,False,False,10500000004242244,False,False,10500000002412508,,False,,,False,True,True,0,True,False,,points,,True,False,False,False,False,True,2025-12-21T04:59:59Z,,,False,9bc84948-aa11-4d3e-a9b3-6433875e7477,255,False,True,False,False,,,,,,False,1.5,11,False,False,True,10500000005362696,False,False,eyJ0eXAiOiJKV1QiLCJhbGciOiJIUzI1NiJ9.eyJsdGlfYXNzaWdubWVudF9pZCI6IjliYzg0OTQ4LWFhMTEtNGQzZS1hOWIzLTY0MzM4NzVlNzQ3NyJ9._aO8xXe8HKXbBX8PQpCOHdJ4Km4Rq9nXJYfQ2QQjRxE,"[""online_quiz""]",https://canvas.instructure.com/courses/1050~2412508/quizzes/1050~5362696/submissions?zip=1,False,2025-09-24T04:00:00Z,,True,published
10500000017337175,Quiz3,2025-09-18T03:59:00Z,2025-07-28T16:19:30Z,2025-09-17T04:00:12Z,https://canvas.instructure.com/courses/10500000002412508/assignments/1050~17337175,-1,,,False,False,False,False,False,10500000004242244,False,False,10500000002412508,,False,,,False,True,True,0,True,False,,points,,True,False,False,False,False,True,2025-12-21T04:59:59Z,,,False,2ed66fdb-fb2e-4901-804f-f415749daf41,255,False,True,False,False,,,,,,False,1.5,12,False,False,True,10500000005362702,False,False,eyJ0eXAiOiJKV1QiLCJhbGciOiJIUzI1NiJ9.eyJsdGlfYXNzaWdubWVudF9pZCI6IjJlZDY2ZmRiLWZiMmUtNDkwMS04MDRmLWY0MTU3NDlkYWY0MSJ9.wh1PU_9yxHFwPhLVW4-sqSB1BE9bTnEVELusyzYPCHs,"[""online_quiz""]",https://canvas.instructure.com/courses/1050~2412508/quizzes/1050~5362702/submissions?zip=1,False,2025-09-17T04:00:00Z,,True,published
10500000017337167, Quiz2,2025-09-06T03:59:00Z,2025-07-28T16:19:22Z,2025-09-05T04:00:14Z,https://canvas.instructure.com/courses/10500000002412508/assignments/1050~17337167,-1,,,False,False,False,False,False,10500000004242244,False,False,10500000002412508,,False,,,False,True,True,0,True,False,,points,,True,False,False,False,False,True,2025-12-21T04:59:59Z,,,False,94036b34-9b4d-437f-b120-5014ce0b2153,255,False,True,False,False,,,,,,False,1.5,13,False,False,True,10500000005362694,False,False,eyJ0eXAiOiJKV1QiLCJhbGciOiJIUzI1NiJ9.eyJsdGlfYXNzaWdubWVudF9pZCI6Ijk0MDM2YjM0LTliNGQtNDM3Zi1iMTIwLTUwMTRjZTBiMjE1MyJ9.tbtIfSvbIF0UxxMDbH2clXKGkGF83oa-Di-DGabkMPM,"[""online_quiz""]",https://canvas.instructure.com/courses/1050~2412508/quizzes/1050~5362694/submissions?zip=1,False,2025-09-05T04:00:00Z,,True,published
10500000017337173,Quiz 1,2025-08-28T03:59:00Z,2025-07-28T16:19:28Z,2025-08-27T04:00:00Z,https://canvas.instructure.com/courses/10500000002412508/assignments/1050~17337173,-1,,,False,False,False,False,False,10500000004242244,False,False,10500000002412508,,False,,,False,True,True,0,True,False,,points,,True,False,False,False,False,True,2025-12-21T04:59:59Z,,,False,e859fdea-974a-4f2c-b211-ea64ad7b43e6,255,False,True,False,False,,,,,,False,1.5,14,False,False,True,10500000005362700,False,False,eyJ0eXAiOiJKV1QiLCJhbGciOiJIUzI1NiJ9.eyJsdGlfYXNzaWdubWVudF9pZCI6ImU4NTlmZGVhLTk3NGEtNGYyYy1iMjExLWVhNjRhZDdiNDNlNiJ9.4zc7prwDvaH0phd_tGoy_dW4Bp6sJwyJWi8xdqg4GLg,"[""online_quiz""]",https://canvas.instructure.com/courses/1050~2412508/quizzes/1050~5362700/submissions?zip=1,False,2025-08-27T04:00:00Z,,True,published
10500000017337182,Attendance,,2025-07-28T16:19:39Z,2025-07-28T16:19:39Z,https://canvas.instructure.com/courses/10500000002412508/assignments/1050~17337182,-1,,,False,False,False,False,,10500000004242245,False,True,10500000002412508,<p>Used to enter attendance score from TopHat at the end of the semester.&nbsp;</p>,False,,,False,False,True,0,True,False,,points,,False,False,False,False,False,False,,,,False,baa3c53e-57a4-48f8-b1f5-f609d1f5a732,255,False,True,False,False,,,,,,False,5.0,6,False,False,True,,False,False,eyJ0eXAiOiJKV1QiLCJhbGciOiJIUzI1NiJ9.eyJsdGlfYXNzaWdubWVudF9pZCI6ImJhYTNjNTNlLTU3YTQtNDhmOC1iMWY1LWY2MDlkMWY1YTczMiIsImx0aV9hc3NpZ25tZW50X2Rlc2NyaXB0aW9uIjoiXHUwMDNjcFx1MDAzZVVzZWQgdG8gZW50ZXIgYXR0ZW5kYW5jZSBzY29yZSBmcm9tIFRvcEhhdCBhdCB0aGUgZW5kIG9mIHRoZSBzZW1lc3Rlci5cdTAwMjZuYnNwO1x1MDAzYy9wXHUwMDNlIn0.J8FS34ARBftpezqv2geHdhuAsRMSbXKEfO9XrqDwvpw,"[""none""]",https://canvas.instructure.com/courses/1050~2412508/assignments/1050~17337182/submissions?zip=1,False,,,True,published
