id,name,due_at,created_at,updated_at,html_url,allowed_attempts,annotatable_attachment_id,anonymize_students,anonymous_grading,anonymous_instructor_annotations,anonymous_peer_reviews,anonymous_submissions,assignment_group_id,automatic_peer_reviews,can_duplicate,course_id,description,due_date_required,external_tool_tag_attributes,final_grader_id,grade_group_students_individually,graded_submissions_exist,grader_comments_visible_to_graders,grader_count,grader_names_visible_to_final_grader,graders_anonymous_to_graders,grading_standard_id,grading_type,group_category_id,has_submitted_submissions,hide_in_gradebook,important_dates,in_closed_grading_period,intra_group_peer_reviews,is_quiz_assignment,lock_at,locked_for_user,lti_context_id,max_name_length,moderated_grading,muted,omit_from_final_grade,only_visible_to_overrides,original_assignment_id,original_assignment_name,original_course_id,original_lti_resource_link_id,original_quiz_id,peer_reviews,points_possible,position,post_manually,post_to_sis,published,quiz_id,require_lockdown_browser,restrict_quantitative_data,secure_params,submission_types,submissions_download_url,suppress_assignment,unlock_at,url,visible_to_everyone,workflow_state
10500000017639029,HW1,2025-09-16T02:00:00Z,2025-09-09T17:12:03Z,2025-09-23T14:46:31Z,https://canvas.instructure.com/courses/10500000002413841/assignments/1050~17639029,-1,,False,False,False,False,,10500000004254625,False,False,10500000002413841,,False,"{""url"": ""https://www.gradescope.com/auth/lti/1_3/callback?gradescope_resource_id=assignment-6708199"", ""new_tab"": false, ""external_data"": """", ""resource_link_id"": ""bbf5d8d80fbf5ea5d5679f6cba8f0f07584751b5"", ""resource_link_title"": null, ""content_type"": ""ContextExternalTool"", ""content_id"": 244302, ""custom_params"": {""custom_gradescope_resource_id"": ""assignment-6708199""}}",,False,True,True,0,True,False,,points,,False,False,False,False,False,False,,False,513e6ec7-8b50-432d-ba70-d9ff420be0db,255,False,True,False,False,,,,,,False,100.0,1,False,False,True,,False,False,eyJ0eXAiOiJKV1QiLCJhbGciOiJIUzI1NiJ9.eyJsdGlfYXNzaWdubWVudF9pZCI6IjUxM2U2ZWM3LThiNTAtNDMyZC1iYTcwLWQ5ZmY0MjBiZTBkYiJ9.PVaI6FUwfp5xo3mV0qYpsHrNKdhD_tcEvUR4eb3FS_E,"[""external_tool""]",https://canvas.instructure.com/courses/1050~2413841/assignments/1050~17639029/submissions?zip=1,False,,https://canvas.instructure.com/api/v1/courses/1050~2413841/external_tools/sessionless_launch?assignment_id=10500000017639029&launch_type=assessment,True,published
10500000017650234,HW2,2025-09-23T02:00:00Z,2025-09-16T02:36:09Z,2025-09-23T14:49:41Z,https://canvas.instructure.com/courses/10500000002413841/assignments/1050~17650234,-1,,False,False,False,False,,10500000004254625,False,False,10500000002413841,,False,"{""url"": ""https://www.gradescope.com/auth/lti/1_3/callback?gradescope_resource_id=assignment-6758995"", ""new_tab"": false, ""external_data"": """", ""resource_link_id"": ""88785729bf965d63ed5fdd9b2b19130e4b9ae88f"", ""resource_link_title"": null, ""content_type"": ""ContextExternalTool"", ""content_id"": 244302, ""custom_params"": {""custom_gradescope_resource_id"": ""assignment-6758995""}}",,False,True,True,0,True,False,,points,,False,False,False,False,False,False,,False,800044d4-1c08-4cc0-957c-25e847ea893a,255,False,True,False,False,,,,,,False,100.0,2,False,False,True,,False,False,eyJ0eXAiOiJKV1QiLCJhbGciOiJIUzI1NiJ9.eyJsdGlfYXNzaWdubWVudF9pZCI6IjgwMDA0NGQ0LTFjMDgtNGNjMC05NTdjLTI1ZTg0N2VhODkzYSJ9.28LhMcuQRc9fIGSLvIn4e2IQJNQ-jiQ4SsACm4gi86c,"[""external_tool""]",https://canvas.instructure.com/courses/1050~2413841/assignments/1050~17650234/submissions?zip=1,False,,https://canvas.instructure.com/api/v1/courses/1050~2413841/external_tools/sessionless_launch?assignment_id=10500000017650234&launch_type=assessment,True,published
10500000017660855,HW3,2025-09-30T02:00:00Z,2025-09-23T03:15:13Z,2025-09-23T14:51:03Z,https://canvas.instructure.com/courses/10500000002413841/assignments/1050~17660855,-1,,False,False,False,False,,10500000004254625,False,False,10500000002413841,,False,"{""url"": ""https://www.gradescope.com/auth/lti/1_3/callback?gradescope_resource_id=assignment-6819201"", ""new_tab"": false, ""external_data"": """", ""resource_link_id"": ""dcc89401641370da65aaccfe1c598f7711ffa70d"", ""resource_link_title"": null, ""content_type"": ""ContextExternalTool"", ""content_id"": 244302, ""custom_params"": {""custom_gradescope_resource_id"": ""assignment-6819201""}}",,False,True,True,0,True,False,,points,,False,False,False,False,False,False,,False,603a84bc-9390-4161-9063-35a07c9bee06,255,False,True,False,False,,,,,,False,100.0,3,False,False,True,,False,False,eyJ0eXAiOiJKV1QiLCJhbGciOiJIUzI1NiJ9.eyJsdGlfYXNzaWdubWVudF9pZCI6IjYwM2E4NGJjLTkzOTAtNDE2MS05MDYzLTM1YTA3YzliZWUwNiJ9.XV0CYm_kHJq7Ue4AVEIDKRcbAEkZO6c1YHIcy9lZxqM,"[""external_tool""]",https://canvas.instructure.com/courses/1050~2413841/assignments/1050~17660855/submissions?zip=1,False,,https://canvas.instructure.com/api/v1/courses/1050~2413841/external_tools/sessionless_launch?assignment_id=10500000017660855&launch_type=assessment,True,published
10500000017671080,HW4,2025-10-07T03:59:59Z,2025-09-30T04:11:15Z,2025-10-02T22:09:44Z,https://canvas.instructure.com/courses/10500000002413841/assignments/1050~17671080,-1,,False,False,False,False,,10500000004254625,False,False,10500000002413841,,False,"{""url"": ""https://www.gradescope.com/auth/lti/1_3/callback?gradescope_resource_id=assignment-6876139"", ""new_tab"": false, ""external_data"": """", ""resource_link_id"": ""2412cfad2f98570ce255902abb47ca24129ba710"", ""resource_link_title"": null, ""content_type"": ""ContextExternalTool"", ""content_id"": 244302, ""custom_params"": {""custom_gradescope_resource_id"": ""assignment-6876139""}}",,False,True,True,0,True,False,,points,,False,False,False,False,False,False,,False,f96b384b-30e5-41e2-a08c-e7114b727a9f,255,False,True,False,False,,,,,,False,100.0,4,False,False,True,,False,False,eyJ0eXAiOiJKV1QiLCJhbGciOiJIUzI1NiJ9.eyJsdGlfYXNzaWdubWVudF9pZCI6ImY5NmIzODRiLTMwZTUtNDFlMi1hMDhjLWU3MTE0YjcyN2E5ZiJ9.zJQ9lbas924YBBtWLCYoqSoY3dYtFNn7onUHRxHUkj8,"[""external_tool""]",https://canvas.instructure.com/courses/1050~2413841/assignments/1050~17671080/submissions?zip=1,False,,https://canvas.instructure.com/api/v1/courses/1050~2413841/external_tools/sessionless_launch?assignment_id=10500000017671080&launch_type=assessment,True,published
10500000017681219,HW5,2025-10-14T02:00:00Z,2025-10-07T02:14:51Z,2025-10-07T14:46:08Z,https://canvas.instructure.com/courses/10500000002413841/assignments/1050~17681219,-1,,False,False,False,False,,10500000004254625,False,False,10500000002413841,,False,"{""url"": ""https://www.gradescope.com/auth/lti/1_3/callback?gradescope_resource_id=assignment-6923915"", ""new_tab"": false, ""external_data"": """", ""resource_link_id"": ""6f230dabc40484559d01ae75f927ee80f087bdd8"", ""resource_link_title"": null, ""content_type"": ""ContextExternalTool"", ""content_id"": 244302, ""custom_params"": {""custom_gradescope_resource_id"": ""assignment-6923915""}}",,False,True,True,0,True,False,,points,,False,False,False,False,False,False,,False,a676d562-7686-416a-b628-3fee20d53e0c,255,False,True,False,False,,,,,,False,100.0,5,False,False,True,,False,False,eyJ0eXAiOiJKV1QiLCJhbGciOiJIUzI1NiJ9.eyJsdGlfYXNzaWdubWVudF9pZCI6ImE2NzZkNTYyLTc2ODYtNDE2YS1iNjI4LTNmZWUyMGQ1M2UwYyJ9.8rjuehhtjEPgQx0UaHeOGB0ppfuz-YhR2NwIjLe_dp0,"[""external_tool""]",https://canvas.instructure.com/courses/1050~2413841/assignments/1050~17681219/submissions?zip=1,False,,https://canvas.instructure.com/api/v1/courses/1050~2413841/external_tools/sessionless_launch?assignment_id=10500000017681219&launch_type=assessment,True,published
10500000017692455,HW6,2025-10-22T02:00:00Z,2025-10-14T02:21:42Z,2025-10-21T00:32:11Z,https://canvas.instructure.com/courses/10500000002413841/assignments/1050~17692455,-1,,False,False,False,False,,10500000004254625,False,False,10500000002413841,,False,"{""url"": ""https://www.gradescope.com/auth/lti/1_3/callback?gradescope_resource_id=assignment-6968366"", ""new_tab"": false, ""external_data"": """", ""resource_link_id"": ""0a9d26f3be88114b0a089070b63d66e03e1e01d0"", ""resource_link_title"": null, ""content_type"": ""ContextExternalTool"", ""content_id"": 244302, ""custom_params"": {""custom_gradescope_resource_id"": ""assignment-6968366""}}",,False,False,True,0,True,False,,points,,False,False,False,False,False,False,,False,572d4f14-a139-4776-a449-b145be39c164,255,False,True,False,False,,,,,,False,100.0,6,False,False,True,,False,False,eyJ0eXAiOiJKV1QiLCJhbGciOiJIUzI1NiJ9.eyJsdGlfYXNzaWdubWVudF9pZCI6IjU3MmQ0ZjE0LWExMzktNDc3Ni1hNDQ5LWIxNDViZTM5YzE2NCJ9.vA-uN-rV4OXxC3vLsZgeH33vPnqmvWweR069vCQ95aw,"[""external_tool""]",https://canvas.instructure.com/courses/1050~2413841/assignments/1050~17692455/submissions?zip=1,False,,https://canvas.instructure.com/api/v1/courses/1050~2413841/external_tools/sessionless_launch?assignment_id=10500000017692455&launch_type=assessment,True,published
10500000017703437,HW7,2025-10-28T02:00:00Z,2025-10-21T02:50:04Z,2025-10-24T21:03:22Z,https://canvas.instructure.com/courses/10500000002413841/assignments/1050~17703437,-1,,False,False,False,False,,10500000004254625,False,False,10500000002413841,,False,"{""url"": ""https://www.gradescope.com/auth/lti/1_3/callback?gradescope_resource_id=assignment-7012504"", ""new_tab"": false, ""external_data"": """", ""resource_link_id"": ""ce18f89da730cffe6e3e9edf62a8b8c9311aa5d9"", ""resource_link_title"": null, ""content_type"": ""ContextExternalTool"", ""content_id"": 244302, ""custom_params"": {""custom_gradescope_resource_id"": ""assignment-7012504""}}",,False,False,True,0,True,False,,points,,False,False,False,False,False,False,,False,2131bc8f-7790-4fb1-a750-c5dc6c5dd7c6,255,False,True,False,False,,,,,,False,100.0,7,False,False,True,,False,False,eyJ0eXAiOiJKV1QiLCJhbGciOiJIUzI1NiJ9.eyJsdGlfYXNzaWdubWVudF9pZCI6IjIxMzFiYzhmLTc3OTAtNGZiMS1hNzUwLWM1ZGM2YzVkZDdjNiJ9.TVkdLPas70Qk19Fa6iNgKsFPKmS7gat-pXqGrc81eyo,"[""external_tool""]",https://canvas.instructure.com/courses/1050~2413841/assignments/1050~17703437/submissions?zip=1,False,,https://canvas.instructure.com/api/v1/courses/1050~2413841/external_tools/sessionless_launch?assignment_id=10500000017703437&launch_type=assessment,True,published
10500000017661392,Quiz1,,2025-09-23T14:44:08Z,2025-09-23T14:46:46Z,https://canvas.instructure.com/courses/10500000002413841/assignments/1050~17661392,-1,,False,False,False,False,,10500000004301660,False,False,10500000002413841,,False,"{""url"": ""https://www.gradescope.com/auth/lti/1_3/callback?gradescope_resource_id=assignment_container-261579"", ""new_tab"": false, ""external_data"": """", ""resource_link_id"": ""5a8bb2fa9ddef287a906674e7d9ded48108906e2"", ""resource_link_title"": null, ""content_type"": ""ContextExternalTool"", ""content_id"": 244302, ""custom_params"": {""custom_gradescope_resource_id"": ""assignment_container-261579""}}",,False,True,True,0,True,False,,points,,False,False,False,False,False,False,,False,694a30f6-9198-457f-b3aa-22e9727fe971,255,False,True,False,False,,,,,,False,10.0,2,False,False,True,,False,False,eyJ0eXAiOiJKV1QiLCJhbGciOiJIUzI1NiJ9.eyJsdGlfYXNzaWdubWVudF9pZCI6IjY5NGEzMGY2LTkxOTgtNDU3Zi1iM2FhLTIyZTk3MjdmZTk3MSJ9.fWT8YyBdH1sNP94u8yI7EOk0Q_BbbI80dkywOY_NWP8,"[""external_tool""]",https://canvas.instructure.com/courses/1050~2413841/assignments/1050~17661392/submissions?zip=1,False,,https://canvas.instructure.com/api/v1/courses/1050~2413841/external_tools/sessionless_launch?assignment_id=10500000017661392&launch_type=assessment,True,published
10500000017661402,Quiz2,,2025-09-23T14:47:40Z,2025-09-23T14:47:49Z,https://canvas.instructure.com/courses/10500000002413841/assignments/1050~17661402,-1,,False,False,False,False,,10500000004301660,False,False,10500000002413841,,False,"{""url"": ""https://www.gradescope.com/auth/lti/1_3/callback?gradescope_resource_id=assignment_container-265059"", ""new_tab"": false, ""external_data"": """", ""resource_link_id"": ""42a01bac248455540da1ea14db4925006592ab3c"", ""resource_link_title"": null, ""content_type"": ""ContextExternalTool"", ""content_id"": 244302, ""custom_params"": {""custom_gradescope_resource_id"": ""assignment_container-265059""}}",,False,True,True,0,True,False,,points,,False,False,False,False,False,False,,False,77533890-9419-4059-a0d8-fff138b641f0,255,False,True,False,False,,,,,,False,10.0,3,False,False,True,,False,False,eyJ0eXAiOiJKV1QiLCJhbGciOiJIUzI1NiJ9.eyJsdGlfYXNzaWdubWVudF9pZCI6Ijc3NTMzODkwLTk0MTktNDA1OS1hMGQ4LWZmZjEzOGI2NDFmMCJ9.2Mgws6j0x8BLee7y1LPkLk93VUA4pUj268fpt8h5luM,"[""external_tool""]",https://canvas.instructure.com/courses/1050~2413841/assignments/1050~17661402/submissions?zip=1,False,,https://canvas.instructure.com/api/v1/courses/1050~2413841/external_tools/sessionless_launch?assignment_id=10500000017661402&launch_type=assessment,True,published
10500000017661407,Quiz 3,,2025-09-23T14:48:36Z,2025-09-23T14:48:58Z,https://canvas.instructure.com/courses/10500000002413841/assignments/1050~17661407,-1,,False,False,False,False,,10500000004301660,False,False,10500000002413841,,False,"{""url"": ""https://www.gradescope.com/auth/lti/1_3/callback?gradescope_resource_id=assignment_container-269883"", ""new_tab"": false, ""external_data"": """", ""resource_link_id"": ""1ff4788d6c6f2b3beed290c45e29043da89022c2"", ""resource_link_title"": null, ""content_type"": ""ContextExternalTool"", ""content_id"": 244302, ""custom_params"": {""custom_gradescope_resource_id"": ""assignment_container-269883""}}",,False,True,True,0,True,False,,points,,False,False,False,False,False,False,,False,7c844255-fc0a-4fd0-8f10-8f3d834f8ebd,255,False,True,False,False,,,,,,False,10.0,4,False,False,True,,False,False,eyJ0eXAiOiJKV1QiLCJhbGciOiJIUzI1NiJ9.eyJsdGlfYXNzaWdubWVudF9pZCI6IjdjODQ0MjU1LWZjMGEtNGZkMC04ZjEwLThmM2Q4MzRmOGViZCJ9.eFCXaITN3hi2BxG9I2UxsYOyOslCr67qsPw8jw3ieUM,"[""external_tool""]",https://canvas.instructure.com/courses/1050~2413841/assignments/1050~17661407/submissions?zip=1,False,,https://canvas.instructure.com/api/v1/courses/1050~2413841/external_tools/sessionless_launch?assignment_id=10500000017661407&launch_type=assessment,True,published
10500000017661461,Quiz4,,2025-09-23T15:14:58Z,2025-10-02T17:54:40Z,https://canvas.instructure.com/courses/10500000002413841/assignments/1050~17661461,-1,,False,False,False,False,,10500000004301660,False,False,10500000002413841,,False,"{""url"": ""https://www.gradescope.com/auth/lti/1_3/callback?gradescope_resource_id=assignment_container-274429"", ""new_tab"": false, ""external_data"": """", ""resource_link_id"": ""5f074e3e03a07895819a0829fa73fec5216c1119"", ""resource_link_title"": null, ""content_type"": ""ContextExternalTool"", ""content_id"": 244302, ""custom_params"": {""custom_gradescope_resource_id"": ""assignment_container-274429""}}",,False,True,True,0,True,False,,points,,False,False,False,False,False,False,,False,402dad80-76b1-4e68-93ec-0436fc7ed6bd,255,False,True,False,False,,,,,,False,10.0,5,False,False,True,,False,False,eyJ0eXAiOiJKV1QiLCJhbGciOiJIUzI1NiJ9.eyJsdGlfYXNzaWdubWVudF9pZCI6IjQwMmRhZDgwLTc2YjEtNGU2OC05M2VjLTA0MzZmYzdlZDZiZCJ9.6vrA-VRanV2aFKrJu74m5Q3z35nKwfDveGM6GKoywk0,"[""external_tool""]",https://canvas.instructure.com/courses/1050~2413841/assignments/1050~17661461/submissions?zip=1,False,,https://canvas.instructure.com/api/v1/courses/1050~2413841/external_tools/sessionless_launch?assignment_id=10500000017661461&launch_type=assessment,True,published
10500000017661467,Quiz5,,2025-09-23T15:16:13Z,2025-10-14T16:59:42Z,https://canvas.instructure.com/courses/10500000002413841/assignments/1050~17661467,-1,,False,False,False,False,,10500000004301660,False,False,10500000002413841,,False,"{""url"": ""https://www.gradescope.com/auth/lti/1_3/callback?gradescope_resource_id=assignment_container-277377"", ""new_tab"": false, ""external_data"": """", ""resource_link_id"": ""42a89b30521cf9f349858c9097e7c75d00809028"", ""resource_link_title"": null, ""content_type"": ""ContextExternalTool"", ""content_id"": 244302, ""custom_params"": {""custom_gradescope_resource_id"": ""assignment_container-277377""}}",,False,True,True,0,True,False,,points,,False,False,False,False,False,False,,False,5b526eb5-0f73-4242-8601-36efcfbb1ab8,255,False,True,False,False,,,,,,False,10.0,6,False,False,True,,False,False,eyJ0eXAiOiJKV1QiLCJhbGciOiJIUzI1NiJ9.eyJsdGlfYXNzaWdubWVudF9pZCI6IjViNTI2ZWI1LTBmNzMtNDI0Mi04NjAxLTM2ZWZjZmJiMWFiOCJ9.4Df0wYVG-Zgl9-lQ643AyMvj5Jz-ORaAGTd2-Y6AKTQ,"[""external_tool""]",https://canvas.instructure.com/courses/1050~2413841/assignments/1050~17661467/submissions?zip=1,False,,https://canvas.instructure.com/api/v1/courses/1050~2413841/external_tools/sessionless_launch?assignment_id=10500000017661467&launch_type=assessment,True,published
10500000017661470,Quiz6,,2025-09-23T15:16:35Z,2025-10-14T17:10:10Z,https://canvas.instructure.com/courses/10500000002413841/assignments/1050~17661470,-1,,False,False,False,False,,10500000004301660,False,False,10500000002413841,,False,"{""url"": ""https://www.gradescope.com/auth/lti/1_3/callback?gradescope_resource_id=assignment_container-281372"", ""new_tab"": false, ""external_data"": """", ""resource_link_id"": ""35b46ced37e848fc18be1472e69d8b350f861ee0"", ""resource_link_title"": null, ""content_type"": ""ContextExternalTool"", ""content_id"": 244302, ""custom_params"": {""custom_gradescope_resource_id"": ""assignment_container-281372""}}",,False,True,True,0,True,False,,points,,False,False,False,False,False,False,,False,541855a5-9029-4d35-9726-8256863c890e,255,False,True,False,False,,,,,,False,10.0,7,False,False,True,,False,False,eyJ0eXAiOiJKV1QiLCJhbGciOiJIUzI1NiJ9.eyJsdGlfYXNzaWdubWVudF9pZCI6IjU0MTg1NWE1LTkwMjktNGQzNS05NzI2LTgyNTY4NjNjODkwZSJ9.-N5uYP6rCM_E5XTKu9GmxEUUuZX-Q96Koq4OYljnokQ,"[""external_tool""]",https://canvas.instructure.com/courses/1050~2413841/assignments/1050~17661470/submissions?zip=1,False,,https://canvas.instructure.com/api/v1/courses/1050~2413841/external_tools/sessionless_launch?assignment_id=10500000017661470&launch_type=assessment,True,published
10500000017693736,Quiz 7,,2025-10-14T17:10:34Z,2025-10-24T21:02:04Z,https://canvas.instructure.com/courses/10500000002413841/assignments/1050~17693736,-1,,False,False,False,False,,10500000004301660,False,False,10500000002413841,,False,"{""url"": ""https://www.gradescope.com/auth/lti/1_3/callback?gradescope_resource_id=assignment_container-285793"", ""new_tab"": false, ""external_data"": """", ""resource_link_id"": ""ca9192b76c33f092e49da4f196cd67c789c763b6"", ""resource_link_title"": null, ""content_type"": ""ContextExternalTool"", ""content_id"": 244302, ""custom_params"": {""custom_gradescope_resource_id"": ""assignment_container-285793""}}",,False,False,True,0,True,False,,points,,False,False,False,False,False,False,,False,89ecfcec-299c-4131-81d3-30a39ac23420,255,False,True,False,False,,,,,,False,10.0,8,False,False,True,,False,False,eyJ0eXAiOiJKV1QiLCJhbGciOiJIUzI1NiJ9.eyJsdGlfYXNzaWdubWVudF9pZCI6Ijg5ZWNmY2VjLTI5OWMtNDEzMS04MWQzLTMwYTM5YWMyMzQyMCJ9.qJ4JooKLcbJPgKVwXFlSBqDi2QG2tEt52e1EB7jNXqY,"[""external_tool""]",https://canvas.instructure.com/courses/1050~2413841/assignments/1050~17693736/submissions?zip=1,False,,https://canvas.instructure.com/api/v1/courses/1050~2413841/external_tools/sessionless_launch?assignment_id=10500000017693736&launch_type=assessment,True,published
10500000017661414,Midterm1,,2025-09-23T14:52:54Z,2025-09-25T19:23:42Z,https://canvas.instructure.com/courses/10500000002413841/assignments/1050~17661414,-1,,False,False,False,False,,10500000004301661,False,False,10500000002413841,,False,"{""url"": ""https://www.gradescope.com/auth/lti/1_3/callback?gradescope_resource_id=assignment_container-268748"", ""new_tab"": false, ""external_data"": """", ""resource_link_id"": ""d727caa02e2501fa6530fdd941451263778de7d1"", ""resource_link_title"": null, ""content_type"": ""ContextExternalTool"", ""content_id"": 244302, ""custom_params"": {""custom_gradescope_resource_id"": ""assignment_container-268748""}}",,False,True,True,0,True,False,,points,,False,False,False,False,False,False,,False,5bd93f60-9152-4d75-a352-705206f52825,255,False,True,False,False,,,,,,False,74.0,1,False,False,True,,False,False,eyJ0eXAiOiJKV1QiLCJhbGciOiJIUzI1NiJ9.eyJsdGlfYXNzaWdubWVudF9pZCI6IjViZDkzZjYwLTkxNTItNGQ3NS1hMzUyLTcwNTIwNmY1MjgyNSJ9.ufcrVN5cRre7tMsgdOpeZE2JPoQW1fSsxzDRb3t1wF0,"[""external_tool""]",https://canvas.instructure.com/courses/1050~2413841/assignments/1050~17661414/submissions?zip=1,False,,https://canvas.instructure.com/api/v1/courses/1050~2413841/external_tools/sessionless_launch?assignment_id=10500000017661414&launch_type=assessment,True,published
10500000017661423,Final Exam,,2025-09-23T14:55:00Z,2025-09-23T15:13:49Z,https://canvas.instructure.com/courses/10500000002413841/assignments/1050~17661423,-1,,False,False,False,False,,10500000004301670,False,True,10500000002413841,,False,,,False,False,True,0,True,False,,points,,False,False,False,False,False,False,,False,17b74e35-c913-4eb0-a141-99dad303fe4d,255,False,True,False,False,,,,,,False,100.0,1,False,False,True,,False,False,eyJ0eXAiOiJKV1QiLCJhbGciOiJIUzI1NiJ9.eyJsdGlfYXNzaWdubWVudF9pZCI6IjE3Yjc0ZTM1LWM5MTMtNGViMC1hMTQxLTk5ZGFkMzAzZmU0ZCJ9.MKo4EqAruVNytnbFce82kLgVJm-N9X1r5GkuQQ1AUgY,"[""external_tool""]",https://canvas.instructure.com/courses/1050~2413841/assignments/1050~17661423/submissions?zip=1,False,,,True,published
10500000017465237,EECS Academic Integrity Quiz,,2025-08-18T22:18:37Z,2025-08-18T22:18:38Z,https://canvas.instructure.com/courses/10500000002413841/assignments/1050~17465237,-1,,False,False,False,False,False,10500000004262778,False,False,10500000002413841,"<p>This quiz is to help you check your understanding of ethical practices in engineering and what constitutes an academic integrity violation in the School of Electrical Engineering and Computer Science. The quiz contains some basic multiple-choice and T/F questions about academic integrity policy, as well as scenarios in which you will be asked to determine whether the action described would be considered an AI violation.</p>
<div class=""styleguide-section__grid-demo-element"" style=""background-color: #d5e5f8; border-radius: 1.25rem; border: 3px solid #1e407c; padding: 1em; margin: 1em;"">
<div style=""float: left; padding-top: 0px; clear: both; margin-right: 10px;""><img id=""166854391"" style=""margin-top: 10px;"" role=""presentation"" src=""https://canvas.instructure.com/courses/1050~2413841/files/1050~180202140/preview?verifier=cltEvBMLf95WzAvqkCHsBJ263bnCJWy04iOLzY4N"" alt="""" width=""55"" height=""55"" loading=""lazy"" data-api-endpoint=""https://canvas.instructure.com/api/v1/courses/1050~2413841/files/1050~180202140"" data-api-returntype=""File""></div>
<p style=""clear: right;""><span style=""font-size: 14pt;""><strong>NOTE: </strong>A <strong>score of 100% is required to pass the quiz and complete the module</strong>, which will unlock other content in the course. If you do not pass, go back and review the material in the module. You may retake the quiz as many times as necessary.</span></p>
</div>",False,,,False,True,True,0,True,False,,points,,True,False,False,False,False,True,,False,506aff05-476b-46cc-8178-40733711efad,255,False,True,False,False,,,,,,False,20.0,5,False,False,True,10500000005396686,False,False,eyJ0eXAiOiJKV1QiLCJhbGciOiJIUzI1NiJ9.eyJsdGlfYXNzaWdubWVudF9pZCI6IjUwNmFmZjA1LTQ3NmItNDZjYy04MTc4LTQwNzMzNzExZWZhZCIsImx0aV9hc3NpZ25tZW50X2Rlc2NyaXB0aW9uIjoiXHUwMDNjcFx1MDAzZVRoaXMgcXVpeiBpcyB0byBoZWxwIHlvdSBjaGVjayB5b3VyIHVuZGVyc3RhbmRpbmcgb2YgZXRoaWNhbCBwcmFjdGljZXMgaW4gZW5naW5lZXJpbmcgYW5kIHdoYXQgY29uc3RpdHV0ZXMgYW4gYWNhZGVtaWMgaW50ZWdyaXR5IHZpb2xhdGlvbiBpbiB0aGUgU2Nob29sIG9mIEVsZWN0cmljYWwgRW5naW5lZXJpbmcgYW5kIENvbXB1dGVyIFNjaWVuY2UuIFRoZSBxdWl6IGNvbnRhaW5zIHNvbWUgYmFzaWMgbXVsdGlwbGUtY2hvaWNlIGFuZCBUL0YgcXVlc3Rpb25zIGFib3V0IGFjYWRlbWljIGludGVncml0eSBwb2xpY3ksIGFzIHdlbGwgYXMgc2NlbmFyaW9zIGluIHdoaWNoIHlvdSB3aWxsIGJlIGFza2VkIHRvIGRldGVybWluZSB3aGV0aGVyIHRoZSBhY3Rpb24gZGVzY3JpYmVkIHdvdWxkIGJlIGNvbnNpZGVyZWQgYW4gQUkgdmlvbGF0aW9uLlx1MDAzYy9wXHUwMDNlXG5cdTAwM2NkaXYgY2xhc3M9XCJzdHlsZWd1aWRlLXNlY3Rpb25fX2dyaWQtZGVtby1lbGVtZW50XCIgc3R5bGU9XCJiYWNrZ3JvdW5kLWNvbG9yOiAjZDVlNWY4OyBib3JkZXItcmFkaXVzOiAxLjI1cmVtOyBib3JkZXI6IDNweCBzb2xpZCAjMWU0MDdjOyBwYWRkaW5nOiAxZW07IG1hcmdpbjogMWVtO1wiXHUwMDNlXG5cdTAwM2NkaXYgc3R5bGU9XCJmbG9hdDogbGVmdDsgcGFkZGluZy10b3A6IDBweDsgY2xlYXI6IGJvdGg7IG1hcmdpbi1yaWdodDogMTBweDtcIlx1MDAzZVx1MDAzY2ltZyBpZD1cIjE2Njg1NDM5MVwiIHN0eWxlPVwibWFyZ2luLXRvcDogMTBweDtcIiByb2xlPVwicHJlc2VudGF0aW9uXCIgc3JjPVwiL2NvdXJzZXMvMjQxMzg0MS9maWxlcy8xODAyMDIxNDAvcHJldmlld1wiIGFsdD1cIlwiIHdpZHRoPVwiNTVcIiBoZWlnaHQ9XCI1NVwiXHUwMDNlXHUwMDNjL2Rpdlx1MDAzZVxuXHUwMDNjcCBzdHlsZT1cImNsZWFyOiByaWdodDtcIlx1MDAzZVx1MDAzY3NwYW4gc3R5bGU9XCJmb250LXNpemU6IDE0cHQ7XCJcdTAwM2VcdTAwM2NzdHJvbmdcdTAwM2VOT1RFOiBcdTAwM2Mvc3Ryb25nXHUwMDNlQSBcdTAwM2NzdHJvbmdcdTAwM2VzY29yZSBvZiAxMDAlIGlzIHJlcXVpcmVkIHRvIHBhc3MgdGhlIHF1aXogYW5kIGNvbXBsZXRlIHRoZSBtb2R1bGVcdTAwM2Mvc3Ryb24uLi4gKHRydW5jYXRlZCkifQ.0G1hehumXAgsFlDQ-4FNRIVtu_sKjsmEzehhMKWq1A0,"[""online_quiz""]",https://canvas.instructure.com/courses/1050~2413841/quizzes/1050~5396686/submissions?zip=1,False,,,True,published
