id,created_at,updated_at,category,content-type,display_name,filename,folder_id,hidden,hidden_for_user,lock_at,lock_explanation,lock_info,locked,locked_for_user,media_entry_id,mime_class,modified_at,size,thumbnail_url,unlock_at,upload_status,url,uuid,visibility_level
10500000172281831,2025-01-05T07:56:11Z,2025-01-05T07:56:11Z,uncategorized,unknown/unknown,0d6f274bdc2376f6183fa00c4a9d8e8a.key,0d6f274bdc2376f6183fa00c4a9d8e8a.key,10500000021368038,False,False,,,,False,False,,file,2016-11-23T18:57:35Z,2966,,,success,https://canvas.instructure.com/files/1050~172281831/download?download_frd=1&verifier=dNCumuhMvOT5oUv3bbtUhPqu4njiETdtmCp3totI,dNCumuhMvOT5oUv3bbtUhPqu4njiETdtmCp3totI,inherit
10500000172281781,2025-01-05T07:56:07Z,2025-01-05T07:56:07Z,uncategorized,unknown/unknown,1f94770b68defecaa88fbd78f822ce76.key,1f94770b68defecaa88fbd78f822ce76.key,10500000021368035,False,False,,,,False,False,,file,2016-11-23T18:57:42Z,2697,,,success,https://canvas.instructure.com/files/1050~172281781/download?download_frd=1&verifier=9O01JYIA8movFBy3DqZ1TjLfOgFIuNDzbRmn8mjM,9O01JYIA8movFBy3DqZ1TjLfOgFIuNDzbRmn8mjM,inherit
10500000172281821,2025-01-05T07:56:11Z,2025-01-05T07:56:11Z,uncategorized,unknown/unknown,4df6c05662adefb25a7cde881e5a4531.key,4df6c05662adefb25a7cde881e5a4531.key,10500000021368043,False,False,,,,False,False,,file,2016-11-23T18:57:48Z,3071,,,success,https://canvas.instructure.com/files/1050~172281821/download?download_frd=1&verifier=fcVCVr6NTQlMTW9s7tALl0H09wnT0hVKMvObLXge,fcVCVr6NTQlMTW9s7tALl0H09wnT0hVKMvObLXge,inherit
10500000172281799,2025-01-05T07:56:09Z,2025-01-05T07:56:08Z,uncategorized,unknown/unknown,6d8a0df79f60be206c10a28c2be1f557.key,6d8a0df79f60be206c10a28c2be1f557.key,10500000021368038,False,False,,,,False,False,,file,2016-11-23T18:57:35Z,2603,,,success,https://canvas.instructure.com/files/1050~172281799/download?download_frd=1&verifier=4xfF1GxUlCgx0daVz9Zct8ugPTbfExsoTTFcRG47,4xfF1GxUlCgx0daVz9Zct8ugPTbfExsoTTFcRG47,inherit
10500000172281809,2025-01-05T07:56:10Z,2025-01-05T07:56:10Z,uncategorized,unknown/unknown,7cf175ca620bbb68c30dbba9b0435737.key,7cf175ca620bbb68c30dbba9b0435737.key,10500000021368035,False,False,,,,False,False,,file,2016-11-23T18:57:42Z,2674,,,success,https://canvas.instructure.com/files/1050~172281809/download?download_frd=1&verifier=sFYBeyoRdsd3iugvc6C2k2OmtUbg45m1Dol5tqax,sFYBeyoRdsd3iugvc6C2k2OmtUbg45m1Dol5tqax,inherit
10500000172281800,2025-01-05T07:56:09Z,2025-01-05T07:56:09Z,uncategorized,unknown/unknown,8a47ab3e0d95fdd6ca11de9fa913f5b2.key,8a47ab3e0d95fdd6ca11de9fa913f5b2.key,10500000021368038,False,False,,,,False,False,,file,2016-11-23T18:57:35Z,333,,,success,https://canvas.instructure.com/files/1050~172281800/download?download_frd=1&verifier=1dg6hrq6YZ1DKrbdn6DJkyIkM3uAUWZD0Y5AbHXT,1dg6hrq6YZ1DKrbdn6DJkyIkM3uAUWZD0Y5AbHXT,inherit
10500000172281829,2025-01-05T07:56:11Z,2025-01-05T07:56:11Z,uncategorized,unknown/unknown,8c1703398fa3cb542c4470542ac1b450.key,8c1703398fa3cb542c4470542ac1b450.key,10500000021368028,False,False,,,,False,False,,file,2016-11-23T18:58:07Z,3085,,,success,https://canvas.instructure.com/files/1050~172281829/download?download_frd=1&verifier=1jL91WjYxw3twVRWbx7JY67fGIHXglpAm6OQRmFL,1jL91WjYxw3twVRWbx7JY67fGIHXglpAm6OQRmFL,inherit
10500000172281797,2025-01-05T07:56:08Z,2025-01-05T07:56:08Z,uncategorized,unknown/unknown,9ef74a4a4f1dbead5203e898ea1c4431.key,9ef74a4a4f1dbead5203e898ea1c4431.key,10500000021368038,False,False,,,,False,False,,file,2016-11-23T18:57:36Z,3150,,,success,https://canvas.instructure.com/files/1050~172281797/download?download_frd=1&verifier=S4wkhQGPpGJvi7yujNDo8ZJmIvQoVHRZbtKRSlOc,S4wkhQGPpGJvi7yujNDo8ZJmIvQoVHRZbtKRSlOc,inherit
10500000172281807,2025-01-05T07:56:09Z,2025-01-05T07:56:09Z,uncategorized,unknown/unknown,23fe790bb09f4bce04d845e9e1b86a9f.key,23fe790bb09f4bce04d845e9e1b86a9f.key,10500000021368048,False,False,,,,False,False,,file,2016-11-23T18:58:03Z,3245,,,success,https://canvas.instructure.com/files/1050~172281807/download?download_frd=1&verifier=F8V9t1N56379BtEPIA9guuE8lq6tD6Lm1FIi2Gtf,F8V9t1N56379BtEPIA9guuE8lq6tD6Lm1FIi2Gtf,inherit
10500000172281811,2025-01-05T07:56:10Z,2025-01-05T07:56:10Z,uncategorized,unknown/unknown,29e3fcc0df6a030254b3893b6650ec5a.key,29e3fcc0df6a030254b3893b6650ec5a.key,10500000021368028,False,False,,,,False,False,,file,2016-11-23T18:58:07Z,2899,,,success,https://canvas.instructure.com/files/1050~172281811/download?download_frd=1&verifier=Da2co6mqFqjDad0fIpHgugDplkhhoLC99T9Ah1Zr,Da2co6mqFqjDad0fIpHgugDplkhhoLC99T9Ah1Zr,inherit
10500000172281818,2025-01-05T07:56:10Z,2025-01-05T07:56:10Z,uncategorized,unknown/unknown,42f78a80e311c444789f3a446757b172.key,42f78a80e311c444789f3a446757b172.key,10500000021368048,False,False,,,,False,False,,file,2016-11-23T18:58:03Z,135,,,success,https://canvas.instructure.com/files/1050~172281818/download?download_frd=1&verifier=RmnAdvI1vREASsxlg8ZJE75zFzsi7yq7geYjmXHp,RmnAdvI1vREASsxlg8ZJE75zFzsi7yq7geYjmXHp,inherit
10500000172281804,2025-01-05T07:56:09Z,2025-01-05T07:56:09Z,uncategorized,unknown/unknown,61f19fc9efd738b417bacbafefe62e64.key,61f19fc9efd738b417bacbafefe62e64.key,10500000021368028,False,False,,,,False,False,,file,2016-11-23T18:58:06Z,2233,,,success,https://canvas.instructure.com/files/1050~172281804/download?download_frd=1&verifier=ABK9NnRoKrqDhe8PxPKKvOWLxmaB4w5qiBEpTvkS,ABK9NnRoKrqDhe8PxPKKvOWLxmaB4w5qiBEpTvkS,inherit
10500000172281796,2025-01-05T07:56:08Z,2025-01-05T07:56:08Z,uncategorized,unknown/unknown,81e2cee1a013bc5b8b37270ee68ef88d.key,81e2cee1a013bc5b8b37270ee68ef88d.key,10500000021368044,False,False,,,,False,False,,file,2016-11-23T18:58:15Z,4056,,,success,https://canvas.instructure.com/files/1050~172281796/download?download_frd=1&verifier=oD9RfWNOvLUFwnVF3gtTbyL5qRJRuEntzX6KTrih,oD9RfWNOvLUFwnVF3gtTbyL5qRJRuEntzX6KTrih,inherit
10500000172281777,2025-01-05T07:56:06Z,2025-01-05T07:56:06Z,uncategorized,unknown/unknown,87da6c5564684fc539135f23a5a33573.key,87da6c5564684fc539135f23a5a33573.key,10500000021368036,False,False,,,,False,False,,file,2016-11-23T18:57:52Z,1928,,,success,https://canvas.instructure.com/files/1050~172281777/download?download_frd=1&verifier=03XWPnUkSvnAQ512m0aXOkEK6wincGcwg3w2oJ6b,03XWPnUkSvnAQ512m0aXOkEK6wincGcwg3w2oJ6b,inherit
10500000172281774,2025-01-05T07:56:06Z,2025-01-05T07:56:06Z,uncategorized,unknown/unknown,93ed51fc4b60ee49dd33f42519b3e8ec.key,93ed51fc4b60ee49dd33f42519b3e8ec.key,10500000021368028,False,False,,,,False,False,,file,2016-11-23T18:58:06Z,473,,,success,https://canvas.instructure.com/files/1050~172281774/download?download_frd=1&verifier=MfA1ydJfH93HxzezYcuf0Xqt79gQ2aXmz4fypKJP,MfA1ydJfH93HxzezYcuf0Xqt79gQ2aXmz4fypKJP,inherit
10500000172281772,2025-01-05T07:56:06Z,2025-01-05T07:56:06Z,uncategorized,unknown/unknown,474f2bcfa1ec40b8f27c7bacc69efd95.key,474f2bcfa1ec40b8f27c7bacc69efd95.key,10500000021368036,False,False,,,,False,False,,file,2016-11-23T18:57:52Z,3294,,,success,https://canvas.instructure.com/files/1050~172281772/download?download_frd=1&verifier=m61k0mcZpWbqUxcVKLVAS3JJbrV2bm7T0UU0ptOR,m61k0mcZpWbqUxcVKLVAS3JJbrV2bm7T0UU0ptOR,inherit
10500000172281812,2025-01-05T07:56:10Z,2025-01-05T07:56:10Z,uncategorized,unknown/unknown,557e5112deba6bd08f5960bec41a399c.key,557e5112deba6bd08f5960bec41a399c.key,10500000021368035,False,False,,,,False,False,,file,2016-11-23T18:57:42Z,1792,,,success,https://canvas.instructure.com/files/1050~172281812/download?download_frd=1&verifier=EcvOSFuDrRVqg92EqGS0HDTkw7FSZ4495af0aEcK,EcvOSFuDrRVqg92EqGS0HDTkw7FSZ4495af0aEcK,inherit
10500000172281786,2025-01-05T07:56:07Z,2025-01-05T07:56:07Z,uncategorized,unknown/unknown,559e1c0be418687e310b1273f3f15e02.key,559e1c0be418687e310b1273f3f15e02.key,10500000021368036,False,False,,,,False,False,,file,2016-11-23T18:57:52Z,1184,,,success,https://canvas.instructure.com/files/1050~172281786/download?download_frd=1&verifier=MBa0UxrNmYArZFO5eebac6V6tlwy70dYXccOwSx9,MBa0UxrNmYArZFO5eebac6V6tlwy70dYXccOwSx9,inherit
10500000172281817,2025-01-05T07:56:10Z,2025-01-05T07:56:10Z,uncategorized,unknown/unknown,680aedee86c97d017939cc53bf3a56ee.key,680aedee86c97d017939cc53bf3a56ee.key,10500000021368048,False,False,,,,False,False,,file,2016-11-23T18:58:03Z,3833,,,success,https://canvas.instructure.com/files/1050~172281817/download?download_frd=1&verifier=VY7OlzXBhgJROeErTSLs7UfjCf18gq4XhyY2pFp3,VY7OlzXBhgJROeErTSLs7UfjCf18gq4XhyY2pFp3,inherit
10500000172281838,2025-01-05T07:56:12Z,2025-01-05T07:56:12Z,uncategorized,unknown/unknown,963f33e953a5e237e8e6fd70b91a4316.key,963f33e953a5e237e8e6fd70b91a4316.key,10500000021368036,False,False,,,,False,False,,file,2016-11-23T18:57:52Z,3233,,,success,https://canvas.instructure.com/files/1050~172281838/download?download_frd=1&verifier=KI67vSoLIR9V8CZEEtHhVQXPvDVFcXlQt6lrSsSj,KI67vSoLIR9V8CZEEtHhVQXPvDVFcXlQt6lrSsSj,inherit
10500000172281771,2025-01-05T07:56:06Z,2025-01-05T07:56:06Z,uncategorized,unknown/unknown,7329ceeb3486be8875c5b318664cba3f.key,7329ceeb3486be8875c5b318664cba3f.key,10500000021368035,False,False,,,,False,False,,file,2016-11-23T18:57:42Z,2943,,,success,https://canvas.instructure.com/files/1050~172281771/download?download_frd=1&verifier=Q336suaTiCQTpPWqYkVoHTcH9cW6cgzo65D0Ko3J,Q336suaTiCQTpPWqYkVoHTcH9cW6cgzo65D0Ko3J,inherit
10500000172281837,2025-01-05T07:56:12Z,2025-01-05T07:56:12Z,uncategorized,unknown/unknown,7681e9da925c2025f918f94537faf25b.key,7681e9da925c2025f918f94537faf25b.key,10500000021368035,False,False,,,,False,False,,file,2016-11-23T18:57:42Z,3709,,,success,https://canvas.instructure.com/files/1050~172281837/download?download_frd=1&verifier=MP57k0dTF2cJmE3U5jRMjn67T1Y7TzzYKP8rc9ym,MP57k0dTF2cJmE3U5jRMjn67T1Y7TzzYKP8rc9ym,inherit
10500000172281782,2025-01-05T07:56:07Z,2025-01-05T07:56:07Z,uncategorized,unknown/unknown,12031b4df2285fc6cdb63c3297bdc70b.key,12031b4df2285fc6cdb63c3297bdc70b.key,10500000021368028,False,False,,,,False,False,,file,2016-11-23T18:58:07Z,1890,,,success,https://canvas.instructure.com/files/1050~172281782/download?download_frd=1&verifier=M0SmMkrXpYgYcOUoQNRbbeIk9Y2Ima4qFFpvRFxQ,M0SmMkrXpYgYcOUoQNRbbeIk9Y2Ima4qFFpvRFxQ,inherit
10500000172281776,2025-01-05T07:56:06Z,2025-01-05T07:56:07Z,uncategorized,unknown/unknown,23894b10427d5292fca74adfc3f0e555.key,23894b10427d5292fca74adfc3f0e555.key,10500000021368038,False,False,,,,False,False,,file,2016-11-23T18:57:35Z,3157,,,success,https://canvas.instructure.com/files/1050~172281776/download?download_frd=1&verifier=HHcCkozn9cn1WF2o7LOZunc5KrgwnBrI4jV2LMa8,HHcCkozn9cn1WF2o7LOZunc5KrgwnBrI4jV2LMa8,inherit
10500000172281803,2025-01-05T07:56:09Z,2025-01-05T07:56:09Z,uncategorized,image/jpeg,0133807800.jpg,Java10thEdition_0133807800.jpg,10500000021020121,False,False,,,,False,False,,image,2016-12-20T20:10:05Z,112153,https://canvas.instructure.com/images/thumbnails/1050~172281803/m5JscdsBX5KhtBIXNRRruEDvv9GnZWis2f1IVZI1,,success,https://canvas.instructure.com/files/1050~172281803/download?download_frd=1&verifier=m5JscdsBX5KhtBIXNRRruEDvv9GnZWis2f1IVZI1,m5JscdsBX5KhtBIXNRRruEDvv9GnZWis2f1IVZI1,inherit
10500000172281826,2025-01-05T07:56:11Z,2025-01-05T07:56:11Z,uncategorized,image/jpeg,0134743350.jpg,0134743350.jpg,10500000021368052,False,False,,,,False,False,,image,2018-05-07T22:34:24Z,93680,https://canvas.instructure.com/images/thumbnails/1050~172281826/Ua68H3gQn4z1lWHg2MMp9jtb4iGIAFwCXat0737Q,,success,https://canvas.instructure.com/files/1050~172281826/download?download_frd=1&verifier=Ua68H3gQn4z1lWHg2MMp9jtb4iGIAFwCXat0737Q,Ua68H3gQn4z1lWHg2MMp9jtb4iGIAFwCXat0737Q,inherit
10500000172281827,2025-01-05T07:56:11Z,2025-01-05T07:56:11Z,uncategorized,image/jpeg,0134743350.jpg,0134743350.jpg,10500000021020121,False,False,,,,False,False,,image,2018-05-09T21:19:39Z,93680,https://canvas.instructure.com/images/thumbnails/1050~172281827/IObjQ5H481cH2F5Mw59201k1YlATpUJCvXfX1jM7,,success,https://canvas.instructure.com/files/1050~172281827/download?download_frd=1&verifier=IObjQ5H481cH2F5Mw59201k1YlATpUJCvXfX1jM7,IObjQ5H481cH2F5Mw59201k1YlATpUJCvXfX1jM7,inherit
10500000172281775,2025-01-05T07:56:06Z,2025-01-05T07:56:06Z,uncategorized,unknown/unknown,a8d94896c1eb03d92ba218b73f18a6a1.key,a8d94896c1eb03d92ba218b73f18a6a1.key,10500000021368028,False,False,,,,False,False,,file,2016-11-23T18:58:06Z,3031,,,success,https://canvas.instructure.com/files/1050~172281775/download?download_frd=1&verifier=C4I0pvUReCXySd9yEyUKbUTwId9kX4F3Ofkx7l1r,C4I0pvUReCXySd9yEyUKbUTwId9kX4F3Ofkx7l1r,inherit
10500000172281806,2025-01-05T07:56:09Z,2025-01-05T07:56:09Z,uncategorized,unknown/unknown,abbf04c730ea3f01648cb7b8010e9b0b.key,abbf04c730ea3f01648cb7b8010e9b0b.key,10500000021368048,False,False,,,,False,False,,file,2016-11-23T18:58:03Z,3028,,,success,https://canvas.instructure.com/files/1050~172281806/download?download_frd=1&verifier=9JcqW5BsuAIaczIiJyao56n99Arl92WZgpqHwM1o,9JcqW5BsuAIaczIiJyao56n99Arl92WZgpqHwM1o,inherit
10500000172281816,2025-01-05T07:56:10Z,2025-01-05T07:56:10Z,uncategorized,image/png,Assignment1.png,Assignment1.png,10500000021368048,False,False,,,,False,False,,image,2016-11-23T18:58:03Z,29787,https://canvas.instructure.com/images/thumbnails/1050~172281816/7HB2miRNpo4uaTO1p5cYOTUb6ktKubTU6ZHCw15u,,success,https://canvas.instructure.com/files/1050~172281816/download?download_frd=1&verifier=7HB2miRNpo4uaTO1p5cYOTUb6ktKubTU6ZHCw15u,7HB2miRNpo4uaTO1p5cYOTUb6ktKubTU6ZHCw15u,inherit
10500000172281790,2025-01-05T07:56:08Z,2025-01-05T07:56:08Z,uncategorized,unknown/unknown,b4e10bb2334454705b41718fbfed193d.key,b4e10bb2334454705b41718fbfed193d.key,10500000021368043,False,False,,,,False,False,,file,2016-11-23T18:57:48Z,2599,,,success,https://canvas.instructure.com/files/1050~172281790/download?download_frd=1&verifier=m8hef85hgRP6Fcad3Jny1nYRA5G73b5nE0uN9nSk,m8hef85hgRP6Fcad3Jny1nYRA5G73b5nE0uN9nSk,inherit
10500000172281819,2025-01-05T07:56:10Z,2025-01-05T07:56:10Z,uncategorized,unknown/unknown,b80c24686cb60827ad18a7e6fb7d459a.key,b80c24686cb60827ad18a7e6fb7d459a.key,10500000021368035,False,False,,,,False,False,,file,2016-11-23T18:57:42Z,205,,,success,https://canvas.instructure.com/files/1050~172281819/download?download_frd=1&verifier=qcgOxSsGaHenC9fjuhoeh8dWDLMmZvz4nxh6CoQN,qcgOxSsGaHenC9fjuhoeh8dWDLMmZvz4nxh6CoQN,inherit
10500000172281791,2025-01-05T07:56:08Z,2025-01-05T07:56:08Z,uncategorized,unknown/unknown,b570d0e9b5b687870d29efecf2d5a9e0.key,b570d0e9b5b687870d29efecf2d5a9e0.key,10500000021368028,False,False,,,,False,False,,file,2016-11-23T18:58:06Z,2563,,,success,https://canvas.instructure.com/files/1050~172281791/download?download_frd=1&verifier=RXLMcHzQzjyOg1uB1hdKAJk0V6ijBsNkG7iIT6tf,RXLMcHzQzjyOg1uB1hdKAJk0V6ijBsNkG7iIT6tf,inherit
10500000172281788,2025-01-05T07:56:07Z,2025-01-05T07:56:07Z,uncategorized,unknown/unknown,ba189f4c9d83b8f83b4b436a60ca3cef.key,ba189f4c9d83b8f83b4b436a60ca3cef.key,10500000021368036,False,False,,,,False,False,,file,2016-11-23T18:57:52Z,2607,,,success,https://canvas.instructure.com/files/1050~172281788/download?download_frd=1&verifier=43O6NJiYZ2mgHU17HdDoBfZ3KYKAcD0oTJj7O71R,43O6NJiYZ2mgHU17HdDoBfZ3KYKAcD0oTJj7O71R,inherit
10500000172281792,2025-01-05T07:56:08Z,2025-01-05T07:56:08Z,uncategorized,unknown/unknown,bacd43dec77a1dc078ec7884e151366c.key,bacd43dec77a1dc078ec7884e151366c.key,10500000021368044,False,False,,,,False,False,,file,2016-11-23T18:58:15Z,211,,,success,https://canvas.instructure.com/files/1050~172281792/download?download_frd=1&verifier=CpH4zmNfm1bcjLkhBuILJnjPcL7OmqweX1QtA7he,CpH4zmNfm1bcjLkhBuILJnjPcL7OmqweX1QtA7he,inherit
10500000172281748,2025-01-05T07:56:03Z,2025-03-21T03:18:25Z,uncategorized,application/vnd.openxmlformats-officedocument.presentationml.presentation,Basic_GUIs.pptx,Basic_GUIs.pptx,10500000021368023,False,False,,,,False,False,,ppt,2016-11-23T18:57:37Z,4401858,,,success,https://canvas.instructure.com/files/1050~172281748/download?download_frd=1&verifier=Bcf78D9YvojRtzMjd76SCu6rJoVA150FiPdUvLAc,Bcf78D9YvojRtzMjd76SCu6rJoVA150FiPdUvLAc,inherit
10500000172281760,2025-01-05T07:56:04Z,2025-01-05T07:56:04Z,uncategorized,image/jpeg,blockchain-essentials-syllabus-01-1.jpg,blockchain-essentials-syllabus-01-1.jpg,10500000021020121,False,False,,,,False,False,,image,2020-02-11T22:23:19Z,1207501,https://canvas.instructure.com/images/thumbnails/1050~172281760/yD8VXSaOk6nvGcbcSV9KgnjLQUB7JxMbqyv41vVo,,success,https://canvas.instructure.com/files/1050~172281760/download?download_frd=1&verifier=yD8VXSaOk6nvGcbcSV9KgnjLQUB7JxMbqyv41vVo,yD8VXSaOk6nvGcbcSV9KgnjLQUB7JxMbqyv41vVo,inherit
10500000172656712,2025-01-10T13:50:23Z,2025-01-10T13:50:23Z,uncategorized,image/png,blue_exclamation_icon.png,blue_exclamation_icon.png,10500000021368055,False,False,,,,False,False,,image,2025-01-10T13:50:23Z,111311,https://canvas.instructure.com/images/thumbnails/1050~172656712/FMlQr49Z5lNnxlBAwhe9EuklprjZChNMFkdMvytr,,success,https://canvas.instructure.com/files/1050~172656712/download?download_frd=1&verifier=FMlQr49Z5lNnxlBAwhe9EuklprjZChNMFkdMvytr,FMlQr49Z5lNnxlBAwhe9EuklprjZChNMFkdMvytr,inherit
10500000172281856,2025-01-05T07:56:14Z,2025-01-05T07:56:14Z,uncategorized,application/vnd.openxmlformats-officedocument.presentationml.presentation,C___to_Java_Comparison.pptx,C___to_Java_Comparison.pptx,10500000021368060,False,False,,,,False,False,,ppt,2016-11-23T18:57:38Z,3605390,,,success,https://canvas.instructure.com/files/1050~172281856/download?download_frd=1&verifier=CCCOQIMRqeXJBIB5ygkIHx7KUtLa53IWESptej8y,CCCOQIMRqeXJBIB5ygkIHx7KUtLa53IWESptej8y,inherit
10500000172281768,2025-01-05T07:56:05Z,2025-01-05T07:56:05Z,uncategorized,unknown/unknown,c891d4926893a5638c10fbf342e0bbbd.key,c891d4926893a5638c10fbf342e0bbbd.key,10500000021368028,False,False,,,,False,False,,file,2016-11-23T18:58:07Z,3198,,,success,https://canvas.instructure.com/files/1050~172281768/download?download_frd=1&verifier=B2cqhjeII7WOk0gC7ayHfmQYe6ACHWt0NnjSFc2g,B2cqhjeII7WOk0gC7ayHfmQYe6ACHWt0NnjSFc2g,inherit
10500000172281784,2025-01-05T07:56:07Z,2025-01-05T07:56:08Z,uncategorized,image/jpeg,cmpsc221_dashboard_image.jpg,cmpsc221_dashboard_image.jpg,10500000021368041,False,False,,,,False,False,,image,2019-05-14T14:17:06Z,256483,https://canvas.instructure.com/images/thumbnails/1050~172281784/kcs0UXmJo8YZCIbsom8TesF7cZsMmfgNZvXIlHPK,,success,https://canvas.instructure.com/files/1050~172281784/download?download_frd=1&verifier=kcs0UXmJo8YZCIbsom8TesF7cZsMmfgNZvXIlHPK,kcs0UXmJo8YZCIbsom8TesF7cZsMmfgNZvXIlHPK,inherit
10500000172281783,2025-01-05T07:56:07Z,2025-01-05T07:56:07Z,uncategorized,image/jpeg,cmpsc221_homepage_image.jpg,cmpsc221_homepage_image.jpg,10500000021020121,False,False,,,,False,False,,image,2019-05-14T14:01:58Z,306916,https://canvas.instructure.com/images/thumbnails/1050~172281783/cdDNRl0eF2ZGpobOpD56STF3cE4p9oqAYyAj4xW9,,success,https://canvas.instructure.com/files/1050~172281783/download?download_frd=1&verifier=cdDNRl0eF2ZGpobOpD56STF3cE4p9oqAYyAj4xW9,cdDNRl0eF2ZGpobOpD56STF3cE4p9oqAYyAj4xW9,inherit
10500000172281793,2025-01-05T07:56:08Z,2025-01-05T07:56:08Z,uncategorized,image/jpeg,cmpsc221_homepage_image.jpg,cmpsc221_homepage_image.jpg,10500000021368041,False,False,,,,False,False,,image,2019-05-14T14:14:15Z,306916,https://canvas.instructure.com/images/thumbnails/1050~172281793/oUKMQDmfSLLP7JYdNe5BJYCxzClepJ4g6qqOSbtq,,success,https://canvas.instructure.com/files/1050~172281793/download?download_frd=1&verifier=oUKMQDmfSLLP7JYdNe5BJYCxzClepJ4g6qqOSbtq,oUKMQDmfSLLP7JYdNe5BJYCxzClepJ4g6qqOSbtq,inherit
10500000172281866,2025-01-05T07:56:14Z,2025-01-13T19:59:08Z,uncategorized,application/pdf,Course Scheduler Design Layout V2.pdf,Course+Scheduler+Design+Layout+V2.pdf,10500000021020121,False,False,,,,False,False,,pdf,2023-11-09T01:24:02Z,113933,,,success,https://canvas.instructure.com/files/1050~172281866/download?download_frd=1&verifier=JnwVWxII2g2fpbDLVtK8PUU5IA99h68KKRCxzMSU,JnwVWxII2g2fpbDLVtK8PUU5IA99h68KKRCxzMSU,inherit
10500000172281899,2025-01-05T07:56:17Z,2025-01-27T20:52:56Z,uncategorized,application/pdf,Course Scheduler Final ProjectV2 Part 1 Grading Rubric.pdf,Course+Scheduler+Final+ProjectV2+Part+1+Grading+Rubric.pdf,10500000021020121,False,False,,,,False,False,,pdf,2023-07-13T22:07:31Z,143941,,,success,https://canvas.instructure.com/files/1050~172281899/download?download_frd=1&verifier=3HowhEFmX8OIJ6NP9cLYUkQla1bubnqgfk6z79HD,3HowhEFmX8OIJ6NP9cLYUkQla1bubnqgfk6z79HD,inherit
10500000172281909,2025-01-05T07:56:18Z,2025-01-16T06:02:18Z,uncategorized,application/pdf,Course Scheduler Final ProjectV2 Part 2 Grading Rubric.pdf,Course+Scheduler+Final+ProjectV2+Part+2+Grading+Rubric.pdf,10500000021020121,False,False,,,,False,False,,pdf,2023-07-13T22:11:33Z,190327,,,success,https://canvas.instructure.com/files/1050~172281909/download?download_frd=1&verifier=nDuzbXVL94INpgHhX7UrppWXWLFTaCUCglFNq1Bc,nDuzbXVL94INpgHhX7UrppWXWLFTaCUCglFNq1Bc,inherit
10500000172281886,2025-01-05T07:56:16Z,2025-01-05T07:56:16Z,uncategorized,application/x-zip-compressed,CourseSchedulerAlVerbanecacv.zip,CourseSchedulerAlVerbanecacv.zip,10500000021020121,False,False,,This file is part of an unpublished module and is not available yet.,"{""asset_string"": ""attachment_10500000172281886"", ""context_module"": {""id"": 5535436, ""name"": ""Sample Programming Assignments Solutions"", ""context_type"": ""Course"", ""context_id"": 2379441, ""workflow_state"": ""unpublished"", ""unlock_at"": null}}",False,True,,zip,2021-12-02T15:18:07Z,81583,,,success,,fpy7BZaR0kWjkSQhJxUeo9ZZU8NOivxDEgGr2zdo,inherit
10500000172281750,2025-01-05T07:56:03Z,2025-01-05T07:56:03Z,uncategorized,application/x-zip-compressed,CourseSchedulerAlVerbanecacvPart1.zip,CourseSchedulerAlVerbanecacvPart1.zip,10500000021020121,False,False,,This file is part of an unpublished module and is not available yet.,"{""asset_string"": ""attachment_10500000172281750"", ""context_module"": {""id"": 5535436, ""name"": ""Sample Programming Assignments Solutions"", ""context_type"": ""Course"", ""context_id"": 2379441, ""workflow_state"": ""unpublished"", ""unlock_at"": null}}",False,True,,zip,2021-11-12T03:13:51Z,60641,,,success,,gt4I7yQSxqwNhg5KwQdC1wdYjRDYh5jmNC1fQbTO,inherit
10500000172281895,2025-01-05T07:56:17Z,2025-01-05T07:56:17Z,uncategorized,application/x-zip-compressed,CourseSchedulerDBAlVerbanecacv.zip,CourseSchedulerDBAlVerbanecacv.zip,10500000021020121,False,False,,This file is part of an unpublished module and is not available yet.,"{""asset_string"": ""attachment_10500000172281895"", ""context_module"": {""id"": 5535436, ""name"": ""Sample Programming Assignments Solutions"", ""context_type"": ""Course"", ""context_id"": 2379441, ""workflow_state"": ""unpublished"", ""unlock_at"": null}}",False,True,,zip,2021-11-12T03:15:36Z,286984,,,success,,1WNrWp5SCcA95mOipkJdgDtnJRuZVSiHSW02Pz2i,inherit
10500000176254234,2025-03-30T23:09:53Z,2025-03-30T23:10:31Z,uncategorized,application/x-zip-compressed,CourseSchedulerNameID.zip,CourseSchedulerNameID.zip,10500000021020121,False,False,,,,False,False,,zip,2025-03-30T23:09:53Z,4222271,,,success,https://canvas.instructure.com/files/1050~176254234/download?download_frd=1&verifier=jXu3ais3YgGWW8PBMSRZytNkLf2GVtOTGSwGZW1c,jXu3ais3YgGWW8PBMSRZytNkLf2GVtOTGSwGZW1c,inherit
10500000172281855,2025-01-05T07:56:14Z,2025-02-26T15:16:22Z,uncategorized,application/pdf,CourseSchedulerPart1V2.pdf,CourseSchedulerPart1V2.pdf,10500000021020121,False,False,,,,False,False,,pdf,2023-07-28T22:35:42Z,77420,,,success,https://canvas.instructure.com/files/1050~172281855/download?download_frd=1&verifier=PpvKIfiQEYvW4jKlzjRbHlhj4hvkz7wMBhqd1gcV,PpvKIfiQEYvW4jKlzjRbHlhj4hvkz7wMBhqd1gcV,inherit
10500000172281915,2025-01-05T07:56:18Z,2025-03-17T20:49:05Z,uncategorized,application/pdf,CourseSchedulerPart2.pdf,CourseSchedulerPart2.pdf,10500000021020121,False,False,,,,False,False,,pdf,2023-02-09T22:58:20Z,72072,,,success,https://canvas.instructure.com/files/1050~172281915/download?download_frd=1&verifier=aloIz40DEDztBNuR5QDW1Tww5OUGsYn6elkoKcqB,aloIz40DEDztBNuR5QDW1Tww5OUGsYn6elkoKcqB,inherit
10500000172281739,2025-01-05T07:56:02Z,2025-03-17T20:49:17Z,uncategorized,application/pdf,CourseSchedulerPart2V2.pdf,CourseSchedulerPart2V2.pdf,10500000021020121,False,False,,,,False,False,,pdf,2023-11-14T07:07:39Z,72220,,,success,https://canvas.instructure.com/files/1050~172281739/download?download_frd=1&verifier=Mj2KM0PTCozavV4lwLhTrJzyJ9h06o3qZiVyeo8D,Mj2KM0PTCozavV4lwLhTrJzyJ9h06o3qZiVyeo8D,inherit
10500000172281762,2025-01-05T07:56:04Z,2025-01-05T07:56:04Z,uncategorized,application/x-zip-compressed,CourseSchedulerTemplate.zip,CourseSchedulerTemplate.zip,10500000021020121,False,False,,,,False,False,,zip,2022-04-01T19:38:10Z,35328,,,success,https://canvas.instructure.com/files/1050~172281762/download?download_frd=1&verifier=IuInUVwXkdwL6pjIsimeAnNhYtPgYgvucspTYRnr,IuInUVwXkdwL6pjIsimeAnNhYtPgYgvucspTYRnr,inherit
10500000172281879,2025-01-05T07:56:16Z,2025-01-05T07:56:16Z,uncategorized,application/x-zip-compressed,CustomerLoanAccounts.zip,CustomerLoanAccounts.zip,10500000021020121,False,False,,This file is part of an unpublished module and is not available yet.,"{""asset_string"": ""attachment_10500000172281879"", ""context_module"": {""id"": 5535436, ""name"": ""Sample Programming Assignments Solutions"", ""context_type"": ""Course"", ""context_id"": 2379441, ""workflow_state"": ""unpublished"", ""unlock_at"": null}}",False,True,,zip,2021-09-09T18:29:37Z,30569,,,success,,Otw3X1f9ZUu68xtWXExJwnwgfGHmbhb45hRRJMlM,inherit
10500000172281825,2025-01-05T07:56:11Z,2025-01-05T07:56:11Z,uncategorized,unknown/unknown,d91163138f2f09cf89da9c04709aa1ad.key,d91163138f2f09cf89da9c04709aa1ad.key,10500000021368036,False,False,,,,False,False,,file,2016-11-23T18:57:52Z,2958,,,success,https://canvas.instructure.com/files/1050~172281825/download?download_frd=1&verifier=z7KcwCjHjAc1Bf4nJqEtOXcMRD8GGeFakAJkVtrF,z7KcwCjHjAc1Bf4nJqEtOXcMRD8GGeFakAJkVtrF,inherit
10500000172281746,2025-01-05T07:56:03Z,2025-05-06T21:33:20Z,uncategorized,application/pdf,dbguide.pdf,dbguide.pdf,10500000021368022,False,False,,,,False,False,,pdf,2019-07-16T14:55:20Z,224925,,,success,https://canvas.instructure.com/files/1050~172281746/download?download_frd=1&verifier=d9bCKdO7u0X1dYPHVq0iU8n4ZUdc1mvS4Sv8pvEA,d9bCKdO7u0X1dYPHVq0iU8n4ZUdc1mvS4Sv8pvEA,inherit
10500000172281914,2025-01-05T07:56:18Z,2025-02-27T00:24:05Z,uncategorized,application/pdf,DevPSU XC Syllabus (Spring 2020).pdf,DevPSU+XC+Syllabus+%28Spring+2020%29.pdf,10500000021020121,False,False,,,,False,False,,pdf,2020-01-28T19:19:12Z,69427,,,success,https://canvas.instructure.com/files/1050~172281914/download?download_frd=1&verifier=39mRtqOJRhY6B7YHvWdxePymqprWwNNsjW5jGtX4,39mRtqOJRhY6B7YHvWdxePymqprWwNNsjW5jGtX4,inherit
10500000172281785,2025-01-05T07:56:07Z,2025-01-05T07:56:07Z,uncategorized,unknown/unknown,e2c1b0302ae39070794de4b154b96941.key,e2c1b0302ae39070794de4b154b96941.key,10500000021368036,False,False,,,,False,False,,file,2016-11-23T18:57:52Z,2219,,,success,https://canvas.instructure.com/files/1050~172281785/download?download_frd=1&verifier=A6FhZuncSiEx4CaG6gE4RoMRzaHKGoGo2ucpPcbL,A6FhZuncSiEx4CaG6gE4RoMRzaHKGoGo2ucpPcbL,inherit
10500000172281798,2025-01-05T07:56:08Z,2025-01-05T07:56:08Z,uncategorized,unknown/unknown,e3d2bb59e2246782001ae83087f1a723.key,e3d2bb59e2246782001ae83087f1a723.key,10500000021368038,False,False,,,,False,False,,file,2016-11-23T18:57:36Z,3587,,,success,https://canvas.instructure.com/files/1050~172281798/download?download_frd=1&verifier=2CcrdNPNSMCOfF9YuKwKpHbo8WC32C2fgPxiDNY4,2CcrdNPNSMCOfF9YuKwKpHbo8WC32C2fgPxiDNY4,inherit
10500000172656714,2025-01-10T13:50:23Z,2025-01-10T13:50:23Z,uncategorized,image/png,exam-5893785_1920-1.png,exam-5893785_1920.png,10500000021368055,False,False,,,,False,False,,image,2025-01-10T13:50:23Z,201043,https://canvas.instructure.com/images/thumbnails/1050~172656714/H5Btma2Tz5QI2T72yLAMwXfLM4QggJ0ExkCB0Ka7,,success,https://canvas.instructure.com/files/1050~172656714/download?download_frd=1&verifier=H5Btma2Tz5QI2T72yLAMwXfLM4QggJ0ExkCB0Ka7,H5Btma2Tz5QI2T72yLAMwXfLM4QggJ0ExkCB0Ka7,inherit
10500000172281834,2025-01-05T07:56:12Z,2025-01-05T07:56:12Z,uncategorized,image/png,exam-5893785_1920.png,exam-5893785_1920.png,10500000021368055,False,False,,,,False,False,,image,2024-07-10T12:38:26Z,201043,https://canvas.instructure.com/images/thumbnails/1050~172281834/aoYuAKwQkFpT8GzFASCVILnbVP6M0C3m0kKmoGZG,,success,https://canvas.instructure.com/files/1050~172281834/download?download_frd=1&verifier=aoYuAKwQkFpT8GzFASCVILnbVP6M0C3m0kKmoGZG,aoYuAKwQkFpT8GzFASCVILnbVP6M0C3m0kKmoGZG,inherit
10500000172281891,2025-01-05T07:56:17Z,2025-01-05T07:56:17Z,uncategorized,image/png,exclamation_icon.png,exclamation_icon.png,10500000021368055,False,False,,,,False,False,,image,2024-07-10T12:38:26Z,6721,https://canvas.instructure.com/images/thumbnails/1050~172281891/cnb4hDKb4Nb4u1mbnAgTw6aOSMzkmxotSH4J0IWK,,success,https://canvas.instructure.com/files/1050~172281891/download?download_frd=1&verifier=cnb4hDKb4Nb4u1mbnAgTw6aOSMzkmxotSH4J0IWK,cnb4hDKb4Nb4u1mbnAgTw6aOSMzkmxotSH4J0IWK,inherit
10500000172281814,2025-01-05T07:56:10Z,2025-01-05T07:56:10Z,uncategorized,unknown/unknown,f28e7a9858a4e29a28e88ace6f28336c.key,f28e7a9858a4e29a28e88ace6f28336c.key,10500000021368048,False,False,,,,False,False,,file,2016-11-23T18:58:03Z,3360,,,success,https://canvas.instructure.com/files/1050~172281814/download?download_frd=1&verifier=Oty9sqIc5ZublRBLy6GQDn80nxN8w6O0h1gF6YVq,Oty9sqIc5ZublRBLy6GQDn80nxN8w6O0h1gF6YVq,inherit
10500000172281794,2025-01-05T07:56:08Z,2025-01-05T07:56:08Z,uncategorized,image/jpeg,FahrenheitToCelsiusTemperatureConverterFinal.jpg,FahrenheitToCelsiusTemperatureConverterFinal.jpg,10500000021020121,False,False,,,,False,False,,image,2019-09-25T20:59:20Z,18996,https://canvas.instructure.com/images/thumbnails/1050~172281794/H219qpkgPjpg0tB2UaL3YADYH5hgtsBGs8nP4nfP,,success,https://canvas.instructure.com/files/1050~172281794/download?download_frd=1&verifier=H219qpkgPjpg0tB2UaL3YADYH5hgtsBGs8nP4nfP,H219qpkgPjpg0tB2UaL3YADYH5hgtsBGs8nP4nfP,inherit
10500000172281747,2025-01-05T07:56:03Z,2025-01-05T07:56:03Z,uncategorized,image/jpeg,FahrenheitToCelsiusTemperatureConverterInitial.jpg,FahrenheitToCelsiusTemperatureConverterInitial.jpg,10500000021020121,False,False,,,,False,False,,image,2019-09-25T20:46:38Z,19050,https://canvas.instructure.com/images/thumbnails/1050~172281747/MVt3CHDtCfB7SIK9H3s78cyyni8qQRSlkDNKkHXf,,success,https://canvas.instructure.com/files/1050~172281747/download?download_frd=1&verifier=MVt3CHDtCfB7SIK9H3s78cyyni8qQRSlkDNKkHXf,MVt3CHDtCfB7SIK9H3s78cyyni8qQRSlkDNKkHXf,inherit
10500000172281813,2025-01-05T07:56:10Z,2025-01-05T07:56:10Z,uncategorized,unknown/unknown,fd72dd9dc7bc33edd34b6f6b9343db92.key,fd72dd9dc7bc33edd34b6f6b9343db92.key,10500000021368038,False,False,,,,False,False,,file,2016-11-23T18:57:35Z,2598,,,success,https://canvas.instructure.com/files/1050~172281813/download?download_frd=1&verifier=wz1mSD0i74hd86vDNJzeW8cJ3axhZXpvQdIV3Wdw,wz1mSD0i74hd86vDNJzeW8cJ3axhZXpvQdIV3Wdw,inherit
10500000172281758,2025-01-05T07:56:04Z,2025-01-05T07:56:04Z,uncategorized,image/png,Fig15_31-Assignment 5.png,Fig15_31-Assignment+5.png,10500000021368028,False,False,,,,False,False,,image,2016-11-23T18:58:07Z,52125,https://canvas.instructure.com/images/thumbnails/1050~172281758/hwqskfo5oah0vPGGzdxXOoLX14kcB4vqANxCMs1c,,success,https://canvas.instructure.com/files/1050~172281758/download?download_frd=1&verifier=hwqskfo5oah0vPGGzdxXOoLX14kcB4vqANxCMs1c,hwqskfo5oah0vPGGzdxXOoLX14kcB4vqANxCMs1c,inherit
10500000172281916,2025-01-05T07:56:18Z,2025-03-27T02:18:32Z,uncategorized,application/vnd.openxmlformats-officedocument.wordprocessingml.document,FinalProject_New Assignment.docx,FinalProject_Updated.docx,10500000021368022,False,False,,,,False,False,,doc,2017-12-14T00:16:03Z,16806,,,success,https://canvas.instructure.com/files/1050~172281916/download?download_frd=1&verifier=DwTZ1HOFUlwKSEmg8bbSsGwmCCrWmmXUXC4aANmH,DwTZ1HOFUlwKSEmg8bbSsGwmCCrWmmXUXC4aANmH,inherit
10500000172281872,2025-01-05T07:56:15Z,2025-04-07T18:29:21Z,uncategorized,application/pdf,FlightSchedulerFinalProject.pdf,FlightSchedulerFinalProject.pdf,10500000021368063,False,False,,,,False,False,,pdf,2017-07-21T20:12:15Z,167233,,,success,https://canvas.instructure.com/files/1050~172281872/download?download_frd=1&verifier=smTS9NUtsLpqctgVrSyhSNWOf9eF8e4CrySxHPjO,smTS9NUtsLpqctgVrSyhSNWOf9eF8e4CrySxHPjO,inherit
10500000172281898,2025-01-05T07:56:17Z,2025-01-05T07:56:17Z,uncategorized,application/x-zip-compressed,FunctionalProgrammingAssignment.zip,FunctionalProgrammingAssignment.zip,10500000021020121,False,False,,This file is part of an unpublished module and is not available yet.,"{""asset_string"": ""attachment_10500000172281898"", ""context_module"": {""id"": 5535436, ""name"": ""Sample Programming Assignments Solutions"", ""context_type"": ""Course"", ""context_id"": 2379441, ""workflow_state"": ""unpublished"", ""unlock_at"": null}}",False,True,,zip,2023-10-26T00:19:41Z,25597,,,success,,TYvi6tFCdER8hFpvkb1oozHagWC7eko68dq3E93V,inherit
10500000172281874,2025-01-05T07:56:15Z,2025-01-05T07:56:15Z,uncategorized,application/x-zip-compressed,FunctionalProgrammingTemplate.zip,FunctionalProgrammingTemplate.zip,10500000021020121,False,False,,,,False,False,,zip,2023-09-28T21:14:00Z,22896,,,success,https://canvas.instructure.com/files/1050~172281874/download?download_frd=1&verifier=LLw3OnyDBESi6RzIjW5YbiECGBwOJikd8bpWwzWK,LLw3OnyDBESi6RzIjW5YbiECGBwOJikd8bpWwzWK,inherit
10500000172281754,2025-01-05T07:56:04Z,2025-03-27T02:19:02Z,uncategorized,application/pdf,Help Document PA6.pdf,Help+Document+PA6.pdf,10500000021368022,False,False,,,,False,False,,pdf,2019-07-30T17:47:47Z,879487,,,success,https://canvas.instructure.com/files/1050~172281754/download?download_frd=1&verifier=UpQDrYKr3kQzrgTzxXZDZFZfXm490gYTe1B0xKu5,UpQDrYKr3kQzrgTzxXZDZFZfXm490gYTe1B0xKu5,inherit
10500000172281840,2025-01-05T07:56:12Z,2025-01-05T07:56:12Z,uncategorized,application/x-zip-compressed,image_capture.zip,image_capture.zip,10500000021020121,False,False,,,,False,False,,zip,2020-04-28T00:00:18Z,7307531,,,success,https://canvas.instructure.com/files/1050~172281840/download?download_frd=1&verifier=DvYeAs0AD4TcplLVokDwIqt09vjvLVI64LathTnH,DvYeAs0AD4TcplLVokDwIqt09vjvLVI64LathTnH,inherit
10500000172281824,2025-01-05T07:56:11Z,2025-01-05T07:56:11Z,uncategorized,image/jpeg,imagesec1.JPG,imagesec1.JPG,10500000021368041,False,False,,,,False,False,,image,2020-01-02T13:47:00Z,12892,https://canvas.instructure.com/images/thumbnails/1050~172281824/eWdRkFvoRnW1yuE3nS5o5q2AODKLNkCx1KGwEhcg,,success,https://canvas.instructure.com/files/1050~172281824/download?download_frd=1&verifier=eWdRkFvoRnW1yuE3nS5o5q2AODKLNkCx1KGwEhcg,eWdRkFvoRnW1yuE3nS5o5q2AODKLNkCx1KGwEhcg,inherit
10500000172281787,2025-01-05T07:56:07Z,2025-01-05T07:56:08Z,uncategorized,image/jpeg,imagesec2.JPG,imagesec2.JPG,10500000021368041,False,False,,,,False,False,,image,2020-01-10T21:12:16Z,12698,https://canvas.instructure.com/images/thumbnails/1050~172281787/z7f0CQzcVjDIaDEhNGnfnTZeKaHD4DxCvbKYeF4l,,success,https://canvas.instructure.com/files/1050~172281787/download?download_frd=1&verifier=z7f0CQzcVjDIaDEhNGnfnTZeKaHD4DxCvbKYeF4l,z7f0CQzcVjDIaDEhNGnfnTZeKaHD4DxCvbKYeF4l,inherit
10500000172281749,2025-01-05T07:56:03Z,2025-02-17T22:21:45Z,uncategorized,application/vnd.openxmlformats-officedocument.spreadsheetml.sheet,instructorsandprojectsFall2020.xlsx,instructorsandprojectsFall2020.xlsx,10500000021020121,False,False,,,,False,False,,xls,2020-08-28T00:50:06Z,14713,,,success,https://canvas.instructure.com/files/1050~172281749/download?download_frd=1&verifier=rgM88PFNnxtL46zQz2eGdzRrnJ6qKQPn0xLeNwSk,rgM88PFNnxtL46zQz2eGdzRrnJ6qKQPn0xLeNwSk,inherit
10500000172281858,2025-01-05T07:56:14Z,2025-01-05T07:56:14Z,uncategorized,application/x-zip-compressed,Java2dDrawingApplication.zip,Java2dDrawingApplication.zip,10500000021020121,False,False,,This file is part of an unpublished module and is not available yet.,"{""asset_string"": ""attachment_10500000172281858"", ""context_module"": {""id"": 5535436, ""name"": ""Sample Programming Assignments Solutions"", ""context_type"": ""Course"", ""context_id"": 2379441, ""workflow_state"": ""unpublished"", ""unlock_at"": null}}",False,True,,zip,2021-10-19T00:10:26Z,41342,,,success,,9eX0znJCKtuXRYhEomWYbnc7C75cyVyKSnydgQpB,inherit
10500000172281860,2025-01-05T07:56:14Z,2025-01-05T07:56:14Z,uncategorized,application/zip,Java2DDrawingApplicationTemplate.zip,Java2DDrawingApplicationTemplate.zip,10500000021020121,False,False,,,,False,False,,zip,2020-02-25T02:34:09Z,29279,,,success,https://canvas.instructure.com/files/1050~172281860/download?download_frd=1&verifier=IA3kZTWA2rJmYO2ZBR1Fa6eca7hsTo4eZ8mjDLcG,IA3kZTWA2rJmYO2ZBR1Fa6eca7hsTo4eZ8mjDLcG,inherit
10500000172281773,2025-01-05T07:56:06Z,2025-05-01T14:45:44Z,uncategorized,application/vnd.ms-powerpoint,jhtp10_ch01.ppt,jhtp10_ch01.ppt,10500000021368037,False,False,,,,False,False,,ppt,2016-11-23T18:57:59Z,11045888,,,success,https://canvas.instructure.com/files/1050~172281773/download?download_frd=1&verifier=g05vhdB3XMvFrx56N3a3XzNkj3VMPdob5M2hTpfi,g05vhdB3XMvFrx56N3a3XzNkj3VMPdob5M2hTpfi,inherit
10500000172281757,2025-01-05T07:56:04Z,2025-01-05T07:56:04Z,uncategorized,application/vnd.ms-powerpoint,jhtp10_ch02.ppt,jhtp10_ch02.ppt,10500000021368027,False,False,,,,False,False,,ppt,2016-11-23T18:57:51Z,10560512,,,success,https://canvas.instructure.com/files/1050~172281757/download?download_frd=1&verifier=NDGk5aVI1yVwvAp5UBZ81aXSwEvsCRLrmnhGiYoA,NDGk5aVI1yVwvAp5UBZ81aXSwEvsCRLrmnhGiYoA,inherit
10500000172281843,2025-01-05T07:56:13Z,2025-01-05T07:56:13Z,uncategorized,application/vnd.ms-powerpoint,jhtp10_ch03.ppt,jhtp10_ch03.ppt,10500000021368057,False,False,,,,False,False,,ppt,2016-11-23T18:57:56Z,6000128,,,success,https://canvas.instructure.com/files/1050~172281843/download?download_frd=1&verifier=dt0zqk5RbCBqgz42XCQbbNGz16FHZ1FEry7XwPk1,dt0zqk5RbCBqgz42XCQbbNGz16FHZ1FEry7XwPk1,inherit
10500000172281770,2025-01-05T07:56:05Z,2025-01-05T07:56:05Z,uncategorized,application/vnd.ms-powerpoint,jhtp10_ch04.ppt,jhtp10_ch04.ppt,10500000021368034,False,False,,,,False,False,,ppt,2016-11-23T18:57:55Z,14126080,,,success,https://canvas.instructure.com/files/1050~172281770/download?download_frd=1&verifier=KOts85VaZQewrObR3aiVDdFp5DK7mlqA9v4aDla6,KOts85VaZQewrObR3aiVDdFp5DK7mlqA9v4aDla6,inherit
10500000172281743,2025-01-05T07:56:02Z,2025-02-27T14:19:06Z,uncategorized,application/vnd.ms-powerpoint,jhtp10_ch05.ppt,jhtp10_ch05.ppt,10500000021368021,False,False,,,,False,False,,ppt,2016-11-23T18:57:50Z,13071872,,,success,https://canvas.instructure.com/files/1050~172281743/download?download_frd=1&verifier=46SVRyQ6ZGSZKkKLmJLETdj8k7g4rcpVFDi7KLPE,46SVRyQ6ZGSZKkKLmJLETdj8k7g4rcpVFDi7KLPE,inherit
10500000172281801,2025-01-05T07:56:09Z,2025-01-05T07:56:09Z,uncategorized,application/vnd.ms-powerpoint,jhtp10_ch06.ppt,jhtp10_ch06.ppt,10500000021368046,False,False,,,,False,False,,ppt,2016-11-23T18:57:33Z,11534848,,,success,https://canvas.instructure.com/files/1050~172281801/download?download_frd=1&verifier=uvAlh8g0OkNuIDwKYue1JB1odNWBoG6UQMh4N9k5,uvAlh8g0OkNuIDwKYue1JB1odNWBoG6UQMh4N9k5,inherit
10500000172281763,2025-01-05T07:56:05Z,2025-01-05T07:56:05Z,uncategorized,application/vnd.ms-powerpoint,jhtp10_ch07.ppt,jhtp10_ch07.ppt,10500000021368030,False,False,,,,False,False,,ppt,2016-11-23T18:57:43Z,17490432,,,success,https://canvas.instructure.com/files/1050~172281763/download?download_frd=1&verifier=YvgOLDwnI10OdqFQvkxnz79YrKtNoIsmBb4goTfO,YvgOLDwnI10OdqFQvkxnz79YrKtNoIsmBb4goTfO,inherit
10500000172281778,2025-01-05T07:56:07Z,2025-01-05T07:56:07Z,uncategorized,application/vnd.ms-powerpoint,jhtp10_ch08.ppt,jhtp10_ch08.ppt,10500000021368039,False,False,,,,False,False,,ppt,2016-11-23T18:58:13Z,15014912,,,success,https://canvas.instructure.com/files/1050~172281778/download?download_frd=1&verifier=NXhAtck47m91EzAsXFLMGAxWtsvJUwu9YVFhP6D7,NXhAtck47m91EzAsXFLMGAxWtsvJUwu9YVFhP6D7,inherit
10500000172281764,2025-01-05T07:56:05Z,2025-01-05T07:56:05Z,uncategorized,application/vnd.ms-powerpoint,jhtp10_ch09.ppt,jhtp10_ch09.ppt,10500000021368031,False,False,,,,False,False,,ppt,2016-11-23T18:58:16Z,13341184,,,success,https://canvas.instructure.com/files/1050~172281764/download?download_frd=1&verifier=ud01Fyay6YgtKuIvrnIyCrGHDRnbRotB5iSq4FRE,ud01Fyay6YgtKuIvrnIyCrGHDRnbRotB5iSq4FRE,inherit
10500000172281765,2025-01-05T07:56:05Z,2025-01-05T07:56:05Z,uncategorized,application/vnd.ms-powerpoint,jhtp10_ch10.ppt,jhtp10_ch10.ppt,10500000021368032,False,False,,,,False,False,,ppt,2016-11-23T18:57:38Z,16177664,,,success,https://canvas.instructure.com/files/1050~172281765/download?download_frd=1&verifier=QjUdjsuBQtcqAEfPApvmSqDwVFZPpxmB5rlkpiZg,QjUdjsuBQtcqAEfPApvmSqDwVFZPpxmB5rlkpiZg,inherit
10500000172281779,2025-01-05T07:56:07Z,2025-01-12T15:46:40Z,uncategorized,application/vnd.ms-powerpoint,jhtp10_ch11.ppt,jhtp10_ch11.ppt,10500000021368040,False,False,,,,False,False,,ppt,2016-11-23T18:57:49Z,12566528,,,success,https://canvas.instructure.com/files/1050~172281779/download?download_frd=1&verifier=E5kmZMv00aaAGUyJby2Z8TWLzpsrrSN8NeHCSvm1,E5kmZMv00aaAGUyJby2Z8TWLzpsrrSN8NeHCSvm1,inherit
10500000172281848,2025-01-05T07:56:13Z,2025-01-11T01:56:18Z,uncategorized,application/vnd.ms-powerpoint,jhtp10_ch12.ppt,jhtp10_ch12.ppt,10500000021368059,False,False,,,,False,False,,ppt,2016-11-23T18:57:46Z,24051200,,,success,https://canvas.instructure.com/files/1050~172281848/download?download_frd=1&verifier=0w4riTH7MZDgntBRejnaFKK0YMgJwdDxXGYeydQB,0w4riTH7MZDgntBRejnaFKK0YMgJwdDxXGYeydQB,inherit
10500000172281867,2025-01-05T07:56:15Z,2025-01-11T17:55:58Z,uncategorized,application/vnd.ms-powerpoint,jhtp10_ch13.ppt,jhtp10_ch13.ppt,10500000021368062,False,False,,,,False,False,,ppt,2016-11-23T18:58:05Z,11046912,,,success,https://canvas.instructure.com/files/1050~172281867/download?download_frd=1&verifier=vykPX7rYAl4viEPa9BvHtYvrOt5OPWR887UaUERC,vykPX7rYAl4viEPa9BvHtYvrOt5OPWR887UaUERC,inherit
10500000172281795,2025-01-05T07:56:08Z,2025-01-15T22:02:08Z,uncategorized,application/vnd.ms-powerpoint,jhtp10_ch14.ppt,jhtp10_ch14.ppt,10500000021368045,False,False,,,,False,False,,ppt,2016-11-23T18:57:53Z,13060096,,,success,https://canvas.instructure.com/files/1050~172281795/download?download_frd=1&verifier=cxRObbLwDZDwLbWFWDILyZn8ytwDRrTqj7E2UKpt,cxRObbLwDZDwLbWFWDILyZn8ytwDRrTqj7E2UKpt,inherit
10500000172281864,2025-01-05T07:56:14Z,2025-01-15T17:48:30Z,uncategorized,application/vnd.ms-powerpoint,jhtp10_ch15.ppt,jhtp10_ch15.ppt,10500000021368061,False,False,,,,False,False,,ppt,2016-11-23T18:57:39Z,11316736,,,success,https://canvas.instructure.com/files/1050~172281864/download?download_frd=1&verifier=ZWRJc437Oa9zKzc2vUzNh7PKn2d8tELFhXCaJ1sJ,ZWRJc437Oa9zKzc2vUzNh7PKn2d8tELFhXCaJ1sJ,inherit
10500000172281756,2025-01-05T07:56:04Z,2025-01-05T07:56:04Z,uncategorized,application/vnd.ms-powerpoint,jhtp10_ch16.ppt,jhtp10_ch16.ppt,10500000021368026,False,False,,,,False,False,,ppt,2016-11-23T18:58:04Z,13934080,,,success,https://canvas.instructure.com/files/1050~172281756/download?download_frd=1&verifier=GqConjF0w5IhMrdU79n4ss4NkA3pU3d9SHkayvb2,GqConjF0w5IhMrdU79n4ss4NkA3pU3d9SHkayvb2,inherit
10500000172281820,2025-01-05T07:56:10Z,2025-01-05T07:56:10Z,uncategorized,application/vnd.ms-powerpoint,jhtp10_ch17.ppt,jhtp10_ch17.ppt,10500000021368051,False,False,,,,False,False,,ppt,2016-11-23T18:57:36Z,14189056,,,success,https://canvas.instructure.com/files/1050~172281820/download?download_frd=1&verifier=Q6sPNAtxUV4FP9SgEtjTADY5nejAlyeKExcM8nGs,Q6sPNAtxUV4FP9SgEtjTADY5nejAlyeKExcM8nGs,inherit
10500000172281841,2025-01-05T07:56:12Z,2025-01-05T07:56:12Z,uncategorized,application/vnd.ms-powerpoint,jhtp10_ch18.ppt,jhtp10_ch18.ppt,10500000021368056,False,False,,,,False,False,,ppt,2016-11-23T18:58:10Z,9792512,,,success,https://canvas.instructure.com/files/1050~172281841/download?download_frd=1&verifier=p7RHt7hraAkiXbqnHwu7ebgrDwhBIv96rSJPVzXs,p7RHt7hraAkiXbqnHwu7ebgrDwhBIv96rSJPVzXs,inherit
10500000172281789,2025-01-05T07:56:08Z,2025-05-01T14:43:30Z,uncategorized,application/vnd.ms-powerpoint,jhtp10_ch19.ppt,jhtp10_ch19.ppt,10500000021368042,False,False,,,,False,False,,ppt,2016-11-23T18:58:14Z,8419840,,,success,https://canvas.instructure.com/files/1050~172281789/download?download_frd=1&verifier=gCUx0oZHLiMK1fIJyBKwhGKOUNnXrE7Dq6f3nrN8,gCUx0oZHLiMK1fIJyBKwhGKOUNnXrE7Dq6f3nrN8,inherit
10500000172281810,2025-01-05T07:56:10Z,2025-01-05T07:56:10Z,uncategorized,application/vnd.ms-powerpoint,jhtp10_ch20.ppt,jhtp10_ch20.ppt,10500000021368050,False,False,,,,False,False,,ppt,2016-11-23T18:57:54Z,9600512,,,success,https://canvas.instructure.com/files/1050~172281810/download?download_frd=1&verifier=hmvBrToVx7ovWoeHEEIsE59e3zxaMVEA5mXeb1t0,hmvBrToVx7ovWoeHEEIsE59e3zxaMVEA5mXeb1t0,inherit
10500000172281766,2025-01-05T07:56:05Z,2025-01-05T07:56:05Z,uncategorized,application/vnd.ms-powerpoint,jhtp10_ch21.ppt,jhtp10_ch21.ppt,10500000021368033,False,False,,,,False,False,,ppt,2016-11-23T18:58:09Z,9576960,,,success,https://canvas.instructure.com/files/1050~172281766/download?download_frd=1&verifier=JCBHyUyb5l5GFkOGil3y6vl2ORzB7wmqpUW6qbfN,JCBHyUyb5l5GFkOGil3y6vl2ORzB7wmqpUW6qbfN,inherit
10500000172281805,2025-01-05T07:56:09Z,2025-01-05T07:56:09Z,uncategorized,application/vnd.ms-powerpoint,jhtp10_ch22.ppt,jhtp10_ch22.ppt,10500000021368047,False,False,,,,False,False,,ppt,2016-11-23T18:57:57Z,18862080,,,success,https://canvas.instructure.com/files/1050~172281805/download?download_frd=1&verifier=BYpeKxJK5hdzSlP2CYml5jBefqBVH5KV3eTYEpbC,BYpeKxJK5hdzSlP2CYml5jBefqBVH5KV3eTYEpbC,inherit
10500000172281844,2025-01-05T07:56:13Z,2025-03-20T15:14:21Z,uncategorized,application/vnd.ms-powerpoint,jhtp10_ch23.ppt,jhtp10_ch23.ppt,10500000021368058,False,False,,,,False,False,,ppt,2016-11-23T18:58:00Z,29676032,,,success,https://canvas.instructure.com/files/1050~172281844/download?download_frd=1&verifier=KKWbKjpTP6gy8xlgSkbhKYKdU77iytLBLwRjqi83,KKWbKjpTP6gy8xlgSkbhKYKdU77iytLBLwRjqi83,inherit
10500000172281761,2025-01-05T07:56:04Z,2025-01-05T07:56:04Z,uncategorized,application/vnd.ms-powerpoint,jhtp10_ch24.ppt,jhtp10_ch24.ppt,10500000021368029,False,False,,,,False,False,,ppt,2016-11-23T18:57:31Z,22593536,,,success,https://canvas.instructure.com/files/1050~172281761/download?download_frd=1&verifier=CUG608nl11qc8Vw67iuQEQQ4bHtJkTMxztRTfLso,CUG608nl11qc8Vw67iuQEQQ4bHtJkTMxztRTfLso,inherit
10500000172281904,2025-01-05T07:56:17Z,2025-01-11T17:55:59Z,uncategorized,application/vnd.ms-powerpoint,jhtp10_ch24.ppt,jhtp10_ch24.ppt,10500000021020121,False,False,,,,False,False,,ppt,2018-06-26T20:09:48Z,22640128,,,success,https://canvas.instructure.com/files/1050~172281904/download?download_frd=1&verifier=0AvArqRQztmx5PahSAp4R54DS9W09hQcKEz6Q9Du,0AvArqRQztmx5PahSAp4R54DS9W09hQcKEz6Q9Du,inherit
10500000172281751,2025-01-05T07:56:03Z,2025-01-05T07:56:03Z,uncategorized,application/vnd.ms-powerpoint,jhtp10_ch25.ppt,jhtp10_ch25.ppt,10500000021368024,False,False,,,,False,False,,ppt,2016-11-23T18:58:08Z,9679360,,,success,https://canvas.instructure.com/files/1050~172281751/download?download_frd=1&verifier=ez48OvTqJkEKW4lUpFJrLLUDOOV5dyraNyhNCpnc,ez48OvTqJkEKW4lUpFJrLLUDOOV5dyraNyhNCpnc,inherit
10500000172281847,2025-01-05T07:56:13Z,2025-01-11T17:58:01Z,uncategorized,application/vnd.openxmlformats-officedocument.presentationml.presentation,JHTP11_01.pptx,JHTP11_01.pptx,10500000021020121,False,False,,,,False,False,,ppt,2018-05-02T20:47:52Z,3138069,,,success,https://canvas.instructure.com/files/1050~172281847/download?download_frd=1&verifier=TGo9rxPALkdU41AA6JhtZDQTqHkpGsxOEWVJsfsP,TGo9rxPALkdU41AA6JhtZDQTqHkpGsxOEWVJsfsP,inherit
10500000172281863,2025-01-05T07:56:14Z,2025-01-13T22:53:08Z,uncategorized,application/vnd.openxmlformats-officedocument.presentationml.presentation,JHTP11_02.pptx,JHTP11_02.pptx,10500000021020121,False,False,,,,False,False,,ppt,2018-05-02T20:48:16Z,2689441,,,success,https://canvas.instructure.com/files/1050~172281863/download?download_frd=1&verifier=SHp0vVP5bW5genc7uXGR7xJmsVH9to621YLqH3Ke,SHp0vVP5bW5genc7uXGR7xJmsVH9to621YLqH3Ke,inherit
10500000172281859,2025-01-05T07:56:14Z,2025-01-13T22:53:10Z,uncategorized,application/vnd.openxmlformats-officedocument.presentationml.presentation,JHTP11_03.pptx,JHTP11_03.pptx,10500000021020121,False,False,,,,False,False,,ppt,2018-05-02T20:48:28Z,2246834,,,success,https://canvas.instructure.com/files/1050~172281859/download?download_frd=1&verifier=niauOy4Py7jcWAEgDMEPiEPHaGsrFkAixBpQn7f5,niauOy4Py7jcWAEgDMEPiEPHaGsrFkAixBpQn7f5,inherit
10500000172281862,2025-01-05T07:56:14Z,2025-01-13T23:10:22Z,uncategorized,application/vnd.openxmlformats-officedocument.presentationml.presentation,JHTP11_04.pptx,JHTP11_04.pptx,10500000021020121,False,False,,,,False,False,,ppt,2018-05-02T20:48:44Z,4051906,,,success,https://canvas.instructure.com/files/1050~172281862/download?download_frd=1&verifier=qenzoVMvZmC5Cv1MHBYpF2rokp4RqOizuuJEHKvE,qenzoVMvZmC5Cv1MHBYpF2rokp4RqOizuuJEHKvE,inherit
10500000172281833,2025-01-05T07:56:12Z,2025-01-13T23:12:53Z,uncategorized,application/vnd.openxmlformats-officedocument.presentationml.presentation,JHTP11_05.pptx,JHTP11_05.pptx,10500000021020121,False,False,,,,False,False,,ppt,2018-05-02T20:49:09Z,3999973,,,success,https://canvas.instructure.com/files/1050~172281833/download?download_frd=1&verifier=ftlGuAwkSjxgwxReypam59ZAY4TBmCEFcgTP3bPP,ftlGuAwkSjxgwxReypam59ZAY4TBmCEFcgTP3bPP,inherit
10500000172281835,2025-01-05T07:56:12Z,2025-01-15T03:45:51Z,uncategorized,application/vnd.openxmlformats-officedocument.presentationml.presentation,JHTP11_06.pptx,JHTP11_06.pptx,10500000021020121,False,False,,,,False,False,,ppt,2018-05-02T20:49:23Z,3419907,,,success,https://canvas.instructure.com/files/1050~172281835/download?download_frd=1&verifier=Tccdp06d2MVeMVq3Naiwo6gdLyVeef7tmxVa60wc,Tccdp06d2MVeMVq3Naiwo6gdLyVeef7tmxVa60wc,inherit
10500000172281876,2025-01-05T07:56:15Z,2025-01-15T16:05:55Z,uncategorized,application/vnd.openxmlformats-officedocument.presentationml.presentation,JHTP11_07-4.pptx,JHTP11_07.pptx,10500000021020121,False,False,,,,False,False,,ppt,2018-05-15T19:58:23Z,4506917,,,success,https://canvas.instructure.com/files/1050~172281876/download?download_frd=1&verifier=WLkPzvQyYwkxdL4xtWZJiekUGnpYSbnwTNMxFsHy,WLkPzvQyYwkxdL4xtWZJiekUGnpYSbnwTNMxFsHy,inherit
10500000172281871,2025-01-05T07:56:15Z,2025-01-15T21:49:45Z,uncategorized,application/vnd.openxmlformats-officedocument.presentationml.presentation,JHTP11_08.pptx,JHTP11_08.pptx,10500000021020121,False,False,,,,False,False,,ppt,2018-05-02T20:50:48Z,3969070,,,success,https://canvas.instructure.com/files/1050~172281871/download?download_frd=1&verifier=dxoJtblQrfeBUe5Pl9Az53e228zhRBcTdcuWgX7d,dxoJtblQrfeBUe5Pl9Az53e228zhRBcTdcuWgX7d,inherit
10500000172281870,2025-01-05T07:56:15Z,2025-01-15T19:50:30Z,uncategorized,application/vnd.openxmlformats-officedocument.presentationml.presentation,JHTP11_09.pptx,JHTP11_09.pptx,10500000021020121,False,False,,,,False,False,,ppt,2018-05-02T20:50:59Z,3949542,,,success,https://canvas.instructure.com/files/1050~172281870/download?download_frd=1&verifier=nZV4Iyoo46uzFpkYAZBm1ENGCYuqnlthsCQjv9UF,nZV4Iyoo46uzFpkYAZBm1ENGCYuqnlthsCQjv9UF,inherit
10500000172281832,2025-01-05T07:56:11Z,2025-01-22T03:40:06Z,uncategorized,application/vnd.openxmlformats-officedocument.presentationml.presentation,JHTP11_10.pptx,JHTP11_10.pptx,10500000021020121,False,False,,,,False,False,,ppt,2018-05-02T20:51:10Z,4281281,,,success,https://canvas.instructure.com/files/1050~172281832/download?download_frd=1&verifier=igh6mnGdqS49rU33QcEXuTN5eh7cq6zzLmcxIPG9,igh6mnGdqS49rU33QcEXuTN5eh7cq6zzLmcxIPG9,inherit
10500000172281875,2025-01-05T07:56:15Z,2025-01-13T21:16:13Z,uncategorized,application/vnd.openxmlformats-officedocument.presentationml.presentation,JHTP11_11.pptx,JHTP11_11.pptx,10500000021020121,False,False,,,,False,False,,ppt,2019-12-03T15:18:40Z,3734038,,,success,https://canvas.instructure.com/files/1050~172281875/download?download_frd=1&verifier=CCzaxDBIv6oH8FjO0uv2dOo15r4PMQrRDX1z3d4h,CCzaxDBIv6oH8FjO0uv2dOo15r4PMQrRDX1z3d4h,inherit
10500000172281877,2025-01-05T07:56:15Z,2025-01-13T20:22:37Z,uncategorized,application/vnd.openxmlformats-officedocument.presentationml.presentation,JHTP11_12.pptx,JHTP11_12.pptx,10500000021020121,False,False,,,,False,False,,ppt,2018-05-02T20:51:38Z,1510227,,,success,https://canvas.instructure.com/files/1050~172281877/download?download_frd=1&verifier=zLth12F13AXmECqVc621aKs7GF6NeI4dxu38y8vr,zLth12F13AXmECqVc621aKs7GF6NeI4dxu38y8vr,inherit
10500000172281894,2025-01-05T07:56:17Z,2025-01-13T23:16:47Z,uncategorized,application/vnd.openxmlformats-officedocument.presentationml.presentation,JHTP11_13.pptx,JHTP11_13.pptx,10500000021020121,False,False,,,,False,False,,ppt,2018-05-02T20:51:50Z,3023442,,,success,https://canvas.instructure.com/files/1050~172281894/download?download_frd=1&verifier=1nI8Hl0Iy3RoCXDyjR50LA5biJsHGp2twLI1WpQZ,1nI8Hl0Iy3RoCXDyjR50LA5biJsHGp2twLI1WpQZ,inherit
10500000172281893,2025-01-05T07:56:17Z,2025-01-13T23:17:35Z,uncategorized,application/vnd.openxmlformats-officedocument.presentationml.presentation,JHTP11_14.pptx,JHTP11_14.pptx,10500000021020121,False,False,,,,False,False,,ppt,2018-05-02T20:52:08Z,3716728,,,success,https://canvas.instructure.com/files/1050~172281893/download?download_frd=1&verifier=XiT1wXXJ4dHvrmFgQmLH1pYko4kgCQotvyqkL52A,XiT1wXXJ4dHvrmFgQmLH1pYko4kgCQotvyqkL52A,inherit
10500000172281905,2025-01-05T07:56:18Z,2025-01-13T23:18:14Z,uncategorized,application/vnd.openxmlformats-officedocument.presentationml.presentation,JHTP11_15.pptx,JHTP11_15.pptx,10500000021020121,False,False,,,,False,False,,ppt,2018-05-02T20:52:21Z,2700999,,,success,https://canvas.instructure.com/files/1050~172281905/download?download_frd=1&verifier=kjnaxpfdT1IJvaH4LNtXg3tvAXyyaZGZnABpd5AQ,kjnaxpfdT1IJvaH4LNtXg3tvAXyyaZGZnABpd5AQ,inherit
10500000172281897,2025-01-05T07:56:17Z,2025-01-13T23:18:56Z,uncategorized,application/vnd.openxmlformats-officedocument.presentationml.presentation,JHTP11_16-1.pptx,JHTP11_16.pptx,10500000021020121,False,False,,,,False,False,,ppt,2018-06-04T21:43:50Z,4100415,,,success,https://canvas.instructure.com/files/1050~172281897/download?download_frd=1&verifier=ntXVBLyCXcF8tVxMvRxjdeKlTncI58T4WDJXHAM1,ntXVBLyCXcF8tVxMvRxjdeKlTncI58T4WDJXHAM1,inherit
10500000172281769,2025-01-05T07:56:05Z,2025-02-21T19:55:47Z,uncategorized,application/vnd.openxmlformats-officedocument.presentationml.presentation,JHTP11_16.pptx,JHTP11_16.pptx,10500000021020121,False,False,,,,False,False,,ppt,2018-05-02T20:52:34Z,3960873,,,success,https://canvas.instructure.com/files/1050~172281769/download?download_frd=1&verifier=rulrn2nKiLqpBkIoAwoyrnBgbOHdAIbMJIoVeKq8,rulrn2nKiLqpBkIoAwoyrnBgbOHdAIbMJIoVeKq8,inherit
10500000172281869,2025-01-05T07:56:15Z,2025-01-15T19:43:05Z,uncategorized,application/vnd.openxmlformats-officedocument.presentationml.presentation,JHTP11_17.pptx,JHTP11_17.pptx,10500000021020121,False,False,,,,False,False,,ppt,2023-03-03T01:00:54Z,3599274,,,success,https://canvas.instructure.com/files/1050~172281869/download?download_frd=1&verifier=OJUBYDdvxbdNdaj7K4SifGd5W8oG44gSNUJyecfq,OJUBYDdvxbdNdaj7K4SifGd5W8oG44gSNUJyecfq,inherit
10500000172281880,2025-01-05T07:56:16Z,2025-01-22T03:45:45Z,uncategorized,application/vnd.openxmlformats-officedocument.presentationml.presentation,JHTP11_18.pptx,JHTP11_18.pptx,10500000021020121,False,False,,,,False,False,,ppt,2018-05-02T20:53:20Z,2332602,,,success,https://canvas.instructure.com/files/1050~172281880/download?download_frd=1&verifier=quKACZBB8PKc43JVHWFpMhVwkHbIr6a00ZlltqVq,quKACZBB8PKc43JVHWFpMhVwkHbIr6a00ZlltqVq,inherit
10500000172281911,2025-01-05T07:56:18Z,2025-01-22T03:46:21Z,uncategorized,application/vnd.openxmlformats-officedocument.presentationml.presentation,JHTP11_19.pptx,JHTP11_19.pptx,10500000021020121,False,False,,,,False,False,,ppt,2018-05-02T20:53:37Z,2182716,,,success,https://canvas.instructure.com/files/1050~172281911/download?download_frd=1&verifier=z0ODHFhZ6gVKwrKKqDomrb0RcYbhLB1qjdxbDhAx,z0ODHFhZ6gVKwrKKqDomrb0RcYbhLB1qjdxbDhAx,inherit
10500000172281854,2025-01-05T07:56:13Z,2025-01-14T04:04:52Z,uncategorized,application/vnd.openxmlformats-officedocument.presentationml.presentation,JHTP11_20.pptx,JHTP11_20.pptx,10500000021020121,False,False,,,,False,False,,ppt,2018-05-02T20:53:51Z,1902460,,,success,https://canvas.instructure.com/files/1050~172281854/download?download_frd=1&verifier=ao1m4yLKprLQSy1DoNhep1JunhyEYawVCwWLhrBA,ao1m4yLKprLQSy1DoNhep1JunhyEYawVCwWLhrBA,inherit
10500000172281884,2025-01-05T07:56:16Z,2025-01-14T03:41:53Z,uncategorized,application/vnd.openxmlformats-officedocument.presentationml.presentation,JHTP11_21.pptx,JHTP11_21.pptx,10500000021020121,False,False,,,,False,False,,ppt,2018-05-02T20:54:04Z,2329084,,,success,https://canvas.instructure.com/files/1050~172281884/download?download_frd=1&verifier=dG0PSYiVbBGajogNwrXChbYdZlZjQGwpiqDIi52f,dG0PSYiVbBGajogNwrXChbYdZlZjQGwpiqDIi52f,inherit
10500000172281753,2025-01-05T07:56:03Z,2025-01-22T03:47:59Z,uncategorized,application/vnd.openxmlformats-officedocument.presentationml.presentation,JHTP11_22.pptx,JHTP11_22.pptx,10500000021020121,False,False,,,,False,False,,ppt,2018-05-02T20:54:29Z,3882069,,,success,https://canvas.instructure.com/files/1050~172281753/download?download_frd=1&verifier=Pp297y5V3e8VgsCSLHkBDsvjnkpitiN0dYaLJCD8,Pp297y5V3e8VgsCSLHkBDsvjnkpitiN0dYaLJCD8,inherit
10500000172281752,2025-01-05T07:56:03Z,2025-01-22T03:48:34Z,uncategorized,application/vnd.openxmlformats-officedocument.presentationml.presentation,JHTP11_23.pptx,JHTP11_23.pptx,10500000021020121,False,False,,,,False,False,,ppt,2018-05-02T20:54:42Z,7151423,,,success,https://canvas.instructure.com/files/1050~172281752/download?download_frd=1&verifier=yhSSM0ESOeROfAdcJoBssqHWshsZR7VaREAQjCnf,yhSSM0ESOeROfAdcJoBssqHWshsZR7VaREAQjCnf,inherit
10500000172281888,2025-01-05T07:56:16Z,2025-01-14T18:21:21Z,uncategorized,application/vnd.openxmlformats-officedocument.presentationml.presentation,JHTP11_24-1.pptx,JHTP11_24.pptx,10500000021020121,False,False,,,,False,False,,ppt,2018-06-26T20:08:55Z,5674228,,,success,https://canvas.instructure.com/files/1050~172281888/download?download_frd=1&verifier=8Nr7bp6BQHdYiniKjBXMiPiAC8NXJIIcizs0nq5h,8Nr7bp6BQHdYiniKjBXMiPiAC8NXJIIcizs0nq5h,inherit
10500000172281740,2025-01-05T07:56:02Z,2025-02-21T19:56:21Z,uncategorized,application/vnd.openxmlformats-officedocument.presentationml.presentation,JHTP11_24.pptx,JHTP11_24.pptx,10500000021020121,False,False,,,,False,False,,ppt,2018-05-02T20:54:59Z,5408875,,,success,https://canvas.instructure.com/files/1050~172281740/download?download_frd=1&verifier=Zf9ovoc207eclS6Iz6kVzIFALRWYcDik33oCmBvm,Zf9ovoc207eclS6Iz6kVzIFALRWYcDik33oCmBvm,inherit
10500000172281857,2025-01-05T07:56:14Z,2025-01-05T07:56:14Z,uncategorized,application/x-zip-compressed,LoanAccount.zip,LoanAccount.zip,10500000021020121,False,False,,This file is part of an unpublished module and is not available yet.,"{""asset_string"": ""attachment_10500000172281857"", ""context_module"": {""id"": 5535436, ""name"": ""Sample Programming Assignments Solutions"", ""context_type"": ""Course"", ""context_id"": 2379441, ""workflow_state"": ""unpublished"", ""unlock_at"": null}}",False,True,,zip,2021-09-09T18:29:01Z,20527,,,success,,K4sTmgEEFjhGPRfseasQpP5kht1ngJA3S9KHxekR,inherit
10500000172281878,2025-01-05T07:56:16Z,2025-01-05T07:56:16Z,uncategorized,application/x-zip-compressed,LoanAccountHierarchy.zip,LoanAccountHierarchy.zip,10500000021020121,False,False,,This file is part of an unpublished module and is not available yet.,"{""asset_string"": ""attachment_10500000172281878"", ""context_module"": {""id"": 5535436, ""name"": ""Sample Programming Assignments Solutions"", ""context_type"": ""Course"", ""context_id"": 2379441, ""workflow_state"": ""unpublished"", ""unlock_at"": null}}",False,True,,zip,2021-09-09T18:29:20Z,27663,,,success,,fCHBpwVto2W01Z3LmNU72eG4md0v3PMaGtgZ60J2,inherit
10500000172281745,2025-01-05T07:56:03Z,2025-01-05T07:56:03Z,uncategorized,application/vnd.openxmlformats-officedocument.wordprocessingml.document,P5 Rubric Drawing Application.docx,P5+Rubric+Drawing+Application.docx,10500000021020121,False,False,,,,False,False,,doc,2019-10-11T19:53:39Z,18253,,,success,https://canvas.instructure.com/files/1050~172281745/download?download_frd=1&verifier=WsZPhn8xiAzb7JoILF4F7GS9o0Og0mcF4QNeTLKw,WsZPhn8xiAzb7JoILF4F7GS9o0Og0mcF4QNeTLKw,inherit
10500000172281868,2025-01-05T07:56:15Z,2025-01-11T00:11:13Z,uncategorized,application/pdf,PA1 Loan Account Grading Rubric.pdf,PA1+Loan+Account+Grading+Rubric.pdf,10500000021020121,False,False,,,,False,False,,pdf,2021-08-03T23:25:05Z,102485,,,success,https://canvas.instructure.com/files/1050~172281868/download?download_frd=1&verifier=ICJOuif2eCniqqyKpsgWhfHX3ujagd5WBfnoBAYH,ICJOuif2eCniqqyKpsgWhfHX3ujagd5WBfnoBAYH,inherit
10500000172281903,2025-01-05T07:56:17Z,2025-01-15T20:59:42Z,uncategorized,application/pdf,PA2 Loan Account Hierarchy Grading Rubric.pdf,PA2+Loan+Account+Hierarchy+Grading+Rubric.pdf,10500000021020121,False,False,,,,False,False,,pdf,2021-08-08T23:42:19Z,134126,,,success,https://canvas.instructure.com/files/1050~172281903/download?download_frd=1&verifier=OIZr8HrqwsNvl4Hzk8hbJE2ZR1khDLiQkB4bWPRK,OIZr8HrqwsNvl4Hzk8hbJE2ZR1khDLiQkB4bWPRK,inherit
10500000172281902,2025-01-05T07:56:17Z,2025-01-14T18:17:09Z,uncategorized,application/pdf,PA3 Customer Loan Accounts Grading Rubric.docx.pdf,PA3+Customer+Loan+Accounts+Grading+Rubric.docx.pdf,10500000021020121,False,False,,,,False,False,,pdf,2021-09-28T18:28:30Z,167027,,,success,https://canvas.instructure.com/files/1050~172281902/download?download_frd=1&verifier=oVkmMe5AtmWdpdp8PycW5dWueNpxhOeFhYhdBCIv,oVkmMe5AtmWdpdp8PycW5dWueNpxhOeFhYhdBCIv,inherit
10500000172281883,2025-01-05T07:56:16Z,2025-01-14T19:42:32Z,uncategorized,application/vnd.openxmlformats-officedocument.wordprocessingml.document,PA4 PizzaServingsCalculatorRubric.docx,PA4+PizzaServingsCalculatorRubric.docx,10500000021020121,False,False,,,,False,False,,doc,2020-09-24T17:15:02Z,21483,,,success,https://canvas.instructure.com/files/1050~172281883/download?download_frd=1&verifier=1AzJZpJqX4SmRfbFxGuLZ2mFcNYaK3FKwFS8X3ma,1AzJZpJqX4SmRfbFxGuLZ2mFcNYaK3FKwFS8X3ma,inherit
10500000172281906,2025-01-05T07:56:18Z,2025-01-27T20:45:28Z,uncategorized,application/pdf,PA5 2D Drawing Application Grading Rubric.pdf,PA5+2D+Drawing+Application+Grading+Rubric.pdf,10500000021020121,False,False,,,,False,False,,pdf,2021-08-09T22:36:34Z,97067,,,success,https://canvas.instructure.com/files/1050~172281906/download?download_frd=1&verifier=CKWQOVL4qIiujWAyMOOl5Rzo1jy5RtFiVTJvC7rf,CKWQOVL4qIiujWAyMOOl5Rzo1jy5RtFiVTJvC7rf,inherit
10500000172281885,2025-01-05T07:56:16Z,2025-01-22T21:26:34Z,uncategorized,application/pdf,PA6 Functional Programming Grading Rubric.pdf,PA6+Functional+Programming+Grading+Rubric.pdf,10500000021020121,False,False,,,,False,False,,pdf,2023-08-30T22:50:24Z,156436,,,success,https://canvas.instructure.com/files/1050~172281885/download?download_frd=1&verifier=dKyR669YWkLkAIfwg4qpqkNcIFBoE4sxH1aDzgTk,dKyR669YWkLkAIfwg4qpqkNcIFBoE4sxH1aDzgTk,inherit
10500000172281846,2025-01-05T07:56:13Z,2025-01-05T07:56:13Z,uncategorized,application/x-zip-compressed,PizzaServingsCalculator.zip,PizzaServingsCalculator.zip,10500000021020121,False,False,,This file is part of an unpublished module and is not available yet.,"{""asset_string"": ""attachment_10500000172281846"", ""context_module"": {""id"": 5535436, ""name"": ""Sample Programming Assignments Solutions"", ""context_type"": ""Course"", ""context_id"": 2379441, ""workflow_state"": ""unpublished"", ""unlock_at"": null}}",False,True,,zip,2022-09-27T19:41:21Z,19514,,,success,,sgLk52Ox7Y2lqXGqgsX9wgP767mEchlTOxlIIiv5,inherit
10500000172281828,2025-01-05T07:56:11Z,2025-01-05T07:56:11Z,uncategorized,image/png,PizzaServingsCalculatorFinal.png,PizzaServingsCalculatorFinal.png,10500000021020121,False,False,,,,False,False,,image,2020-09-24T16:25:11Z,10703,https://canvas.instructure.com/images/thumbnails/1050~172281828/SgYm4C4ldZTOSuU8AaMUnwt89Ahp90O2enCglvFc,,success,https://canvas.instructure.com/files/1050~172281828/download?download_frd=1&verifier=SgYm4C4ldZTOSuU8AaMUnwt89Ahp90O2enCglvFc,SgYm4C4ldZTOSuU8AaMUnwt89Ahp90O2enCglvFc,inherit
10500000172281767,2025-01-05T07:56:05Z,2025-01-05T07:56:05Z,uncategorized,image/png,PizzaServingsCalculatorInitial.png,PizzaServingsCalculatorInitial.png,10500000021020121,False,False,,,,False,False,,image,2020-09-24T16:17:07Z,7488,https://canvas.instructure.com/images/thumbnails/1050~172281767/qcukieCXa3jbHz2gqnzA6McFaYj7tFi6it31PlNc,,success,https://canvas.instructure.com/files/1050~172281767/download?download_frd=1&verifier=qcukieCXa3jbHz2gqnzA6McFaYj7tFi6it31PlNc,qcukieCXa3jbHz2gqnzA6McFaYj7tFi6it31PlNc,inherit
10500000172281873,2025-01-05T07:56:15Z,2025-01-11T01:56:17Z,uncategorized,application/vnd.openxmlformats-officedocument.presentationml.presentation,Python_C++_to_Java_Comparison.pptx,Python_C%2B%2B_to_Java_Comparison.pptx,10500000021020121,False,False,,,,False,False,,ppt,2018-05-02T20:55:17Z,3610534,,,success,https://canvas.instructure.com/files/1050~172281873/download?download_frd=1&verifier=d2j4BpV8MQ46bja71GLEqF6uCJYqAkCiZ7i2jkPs,d2j4BpV8MQ46bja71GLEqF6uCJYqAkCiZ7i2jkPs,inherit
10500000172281815,2025-01-05T07:56:10Z,2025-01-05T07:56:10Z,uncategorized,image/png,TemperatureConverter-Assignment5.png,TemperatureConverter-Assignment5.png,10500000021020121,False,False,,,,False,False,,image,2018-06-14T20:12:47Z,11890,https://canvas.instructure.com/images/thumbnails/1050~172281815/DNPFRzhBvpBXGh5hPBIabQhPMnOXRzKoXIWzQiD4,,success,https://canvas.instructure.com/files/1050~172281815/download?download_frd=1&verifier=DNPFRzhBvpBXGh5hPBIabQhPMnOXRzKoXIWzQiD4,DNPFRzhBvpBXGh5hPBIabQhPMnOXRzKoXIWzQiD4,inherit
10500000172281861,2025-01-05T07:56:14Z,2025-01-10T23:38:42Z,uncategorized,application/pdf,Using-Apache-Netbeans.pdf,Using-Apache-Netbeans.pdf,10500000021020121,False,False,,,,False,False,,pdf,2022-10-20T01:27:46Z,610060,,,success,https://canvas.instructure.com/files/1050~172281861/download?download_frd=1&verifier=AN0dR4pc2K9XnuZIOvjc036btbxWYeyfciBc8mcv,AN0dR4pc2K9XnuZIOvjc036btbxWYeyfciBc8mcv,inherit
10500000176253864,2025-03-30T23:03:01Z,2025-03-30T23:14:13Z,uncategorized,video/mp4,Video - Creating the Course Scheduler Database in Netbeans Using Derby 10.17.mp4,Video+-+Creating+the+Course+Scheduler+Database+in+Netbeans+Using+Derby+10.17.mp4,10500000021020121,False,False,,,,False,False,m-35WccM7tndsyX3cbk1awDpSb82uCVEqW,video,2025-03-30T23:03:01Z,35846530,,,success,https://canvas.instructure.com/files/1050~176253864/download?download_frd=1&verifier=A3Xhl4aAbFq6Dyl3MzVlLDiDqDKMbyiag1DOpKHC,A3Xhl4aAbFq6Dyl3MzVlLDiDqDKMbyiag1DOpKHC,inherit
10500000172281917,2025-01-05T07:56:18Z,2025-01-05T07:56:18Z,uncategorized,video/mp4,Video - Final Project Grading Example.mp4,Video+-+Final+Project+Grading+Example.mp4,10500000021020121,False,False,,This file is part of an unpublished module and is not available yet.,"{""asset_string"": ""attachment_10500000172281917"", ""context_module"": {""id"": 5535436, ""name"": ""Sample Programming Assignments Solutions"", ""context_type"": ""Course"", ""context_id"": 2379441, ""workflow_state"": ""unpublished"", ""unlock_at"": null}}",False,True,m-25hVMC2xp1bkSwmwHZq1gHzDDALVHW8T,video,2024-12-15T01:23:15Z,24231040,,,success,,TFOuxLmJXGTwYdB1pAiJ31MQeQh3wF4nvRUp1hDe,inherit
10500000172281896,2025-01-05T07:56:17Z,2025-01-05T07:56:17Z,uncategorized,video/mp4,Video - How to Find and Zip Your Database Folder for the Final Project.mp4,Video+-+How+to+Find+and+Zip+Your+Database+Folder+for+the+Final+Project.mp4,10500000021020121,False,False,,,,False,False,m-4nuVJSABKxzYsrQWSsWN9LVHRLqYMxxV,video,2023-12-05T00:45:19Z,9195497,,,success,https://canvas.instructure.com/files/1050~172281896/download?download_frd=1&verifier=d2NDZ6nSp0eZMvc47Hx0idPSYjL2zVLCKzF2fhCT,d2NDZ6nSp0eZMvc47Hx0idPSYjL2zVLCKzF2fhCT,inherit
10500000176253839,2025-03-30T23:02:23Z,2025-03-30T23:14:12Z,uncategorized,video/mp4,Video - Installing Apache Derby 10.17 Database Support in NetBeans.mp4,Video+-+Installing+Apache+Derby+10.17+Database+Support+in+NetBeans.mp4,10500000021020121,False,False,,,,False,False,m-5dyjtV5gShTfTuCTyu937C25usPsm1Pp,video,2025-03-30T23:02:23Z,21326054,,,success,https://canvas.instructure.com/files/1050~176253839/download?download_frd=1&verifier=Y6jXTgnrhu5N9UzTUpo06r24sF0cTBuYoCpSwbES,Y6jXTgnrhu5N9UzTUpo06r24sF0cTBuYoCpSwbES,inherit
10500000172281901,2025-01-05T07:56:17Z,2025-01-05T07:56:17Z,uncategorized,video/mp4,Video - Installing Java JDK 21 and Apache NetBeans 22.mp4,Video+-+Installing+Java+JDK+21+and+Apache+NetBeans+22.mp4,10500000021020121,False,False,,,,False,False,m-Jr2JqJg2SHaHyDNe2qGPhA2FZ9rb6i9,video,2024-08-22T23:41:37Z,13899446,,,success,https://canvas.instructure.com/files/1050~172281901/download?download_frd=1&verifier=qbhxHxTuNMlUwoHxYFnuqrocpwaMMNY3yX0NygeA,qbhxHxTuNMlUwoHxYFnuqrocpwaMMNY3yX0NygeA,inherit
10500000172281900,2025-01-05T07:56:17Z,2025-01-05T07:56:17Z,uncategorized,video/mp4,Video - Introduction to Creating a Programming Assignment in Apache NetBeans.mp4,Video+-+Introduction+to+Creating+a+Programming+Assignment+in+Apache+NetBeans.mp4,10500000021020121,False,False,,,,False,False,m-KfhEv5x2RuEgnq6LzmpyMQhdury2mAM,video,2024-08-23T00:10:21Z,26512218,,,success,https://canvas.instructure.com/files/1050~172281900/download?download_frd=1&verifier=8pX9p8cYdEIu0Gfb9K2iRJqRyGuJATt3mRRDJ3Td,8pX9p8cYdEIu0Gfb9K2iRJqRyGuJATt3mRRDJ3Td,inherit
